// GENERATED by scripts/gen_unicode_tables.py — do not edit by hand.
//
// Unicode property tables for brolm::detail::unicode, produced from
// CPython 3.14.0's unicodedata module, Unicode 16.0.0.
// Regenerate with a Python whose database matches the Hugging Face
// `tokenizers` build being matched (both carry Unicode 16.0 today).
#pragma once

#include <cstdint>

namespace brolm::detail::unicode::tables {

inline constexpr const char* kUnicodeVersion = "16.0.0";

struct Range { uint32_t lo, hi; };            // inclusive
struct CccRange { uint32_t lo, hi; uint8_t ccc; };
struct Decomp { uint32_t cp; uint16_t offset; uint8_t len; };
struct Compose { uint32_t first, second, composite; };

// General category L (\p{L}) (677 ranges)
inline constexpr Range kLetter[] = {
    {0x0041,0x005A},{0x0061,0x007A},{0x00AA,0x00AA},{0x00B5,0x00B5},{0x00BA,0x00BA},{0x00C0,0x00D6},
    {0x00D8,0x00F6},{0x00F8,0x02C1},{0x02C6,0x02D1},{0x02E0,0x02E4},{0x02EC,0x02EC},{0x02EE,0x02EE},
    {0x0370,0x0374},{0x0376,0x0377},{0x037A,0x037D},{0x037F,0x037F},{0x0386,0x0386},{0x0388,0x038A},
    {0x038C,0x038C},{0x038E,0x03A1},{0x03A3,0x03F5},{0x03F7,0x0481},{0x048A,0x052F},{0x0531,0x0556},
    {0x0559,0x0559},{0x0560,0x0588},{0x05D0,0x05EA},{0x05EF,0x05F2},{0x0620,0x064A},{0x066E,0x066F},
    {0x0671,0x06D3},{0x06D5,0x06D5},{0x06E5,0x06E6},{0x06EE,0x06EF},{0x06FA,0x06FC},{0x06FF,0x06FF},
    {0x0710,0x0710},{0x0712,0x072F},{0x074D,0x07A5},{0x07B1,0x07B1},{0x07CA,0x07EA},{0x07F4,0x07F5},
    {0x07FA,0x07FA},{0x0800,0x0815},{0x081A,0x081A},{0x0824,0x0824},{0x0828,0x0828},{0x0840,0x0858},
    {0x0860,0x086A},{0x0870,0x0887},{0x0889,0x088E},{0x08A0,0x08C9},{0x0904,0x0939},{0x093D,0x093D},
    {0x0950,0x0950},{0x0958,0x0961},{0x0971,0x0980},{0x0985,0x098C},{0x098F,0x0990},{0x0993,0x09A8},
    {0x09AA,0x09B0},{0x09B2,0x09B2},{0x09B6,0x09B9},{0x09BD,0x09BD},{0x09CE,0x09CE},{0x09DC,0x09DD},
    {0x09DF,0x09E1},{0x09F0,0x09F1},{0x09FC,0x09FC},{0x0A05,0x0A0A},{0x0A0F,0x0A10},{0x0A13,0x0A28},
    {0x0A2A,0x0A30},{0x0A32,0x0A33},{0x0A35,0x0A36},{0x0A38,0x0A39},{0x0A59,0x0A5C},{0x0A5E,0x0A5E},
    {0x0A72,0x0A74},{0x0A85,0x0A8D},{0x0A8F,0x0A91},{0x0A93,0x0AA8},{0x0AAA,0x0AB0},{0x0AB2,0x0AB3},
    {0x0AB5,0x0AB9},{0x0ABD,0x0ABD},{0x0AD0,0x0AD0},{0x0AE0,0x0AE1},{0x0AF9,0x0AF9},{0x0B05,0x0B0C},
    {0x0B0F,0x0B10},{0x0B13,0x0B28},{0x0B2A,0x0B30},{0x0B32,0x0B33},{0x0B35,0x0B39},{0x0B3D,0x0B3D},
    {0x0B5C,0x0B5D},{0x0B5F,0x0B61},{0x0B71,0x0B71},{0x0B83,0x0B83},{0x0B85,0x0B8A},{0x0B8E,0x0B90},
    {0x0B92,0x0B95},{0x0B99,0x0B9A},{0x0B9C,0x0B9C},{0x0B9E,0x0B9F},{0x0BA3,0x0BA4},{0x0BA8,0x0BAA},
    {0x0BAE,0x0BB9},{0x0BD0,0x0BD0},{0x0C05,0x0C0C},{0x0C0E,0x0C10},{0x0C12,0x0C28},{0x0C2A,0x0C39},
    {0x0C3D,0x0C3D},{0x0C58,0x0C5A},{0x0C5D,0x0C5D},{0x0C60,0x0C61},{0x0C80,0x0C80},{0x0C85,0x0C8C},
    {0x0C8E,0x0C90},{0x0C92,0x0CA8},{0x0CAA,0x0CB3},{0x0CB5,0x0CB9},{0x0CBD,0x0CBD},{0x0CDD,0x0CDE},
    {0x0CE0,0x0CE1},{0x0CF1,0x0CF2},{0x0D04,0x0D0C},{0x0D0E,0x0D10},{0x0D12,0x0D3A},{0x0D3D,0x0D3D},
    {0x0D4E,0x0D4E},{0x0D54,0x0D56},{0x0D5F,0x0D61},{0x0D7A,0x0D7F},{0x0D85,0x0D96},{0x0D9A,0x0DB1},
    {0x0DB3,0x0DBB},{0x0DBD,0x0DBD},{0x0DC0,0x0DC6},{0x0E01,0x0E30},{0x0E32,0x0E33},{0x0E40,0x0E46},
    {0x0E81,0x0E82},{0x0E84,0x0E84},{0x0E86,0x0E8A},{0x0E8C,0x0EA3},{0x0EA5,0x0EA5},{0x0EA7,0x0EB0},
    {0x0EB2,0x0EB3},{0x0EBD,0x0EBD},{0x0EC0,0x0EC4},{0x0EC6,0x0EC6},{0x0EDC,0x0EDF},{0x0F00,0x0F00},
    {0x0F40,0x0F47},{0x0F49,0x0F6C},{0x0F88,0x0F8C},{0x1000,0x102A},{0x103F,0x103F},{0x1050,0x1055},
    {0x105A,0x105D},{0x1061,0x1061},{0x1065,0x1066},{0x106E,0x1070},{0x1075,0x1081},{0x108E,0x108E},
    {0x10A0,0x10C5},{0x10C7,0x10C7},{0x10CD,0x10CD},{0x10D0,0x10FA},{0x10FC,0x1248},{0x124A,0x124D},
    {0x1250,0x1256},{0x1258,0x1258},{0x125A,0x125D},{0x1260,0x1288},{0x128A,0x128D},{0x1290,0x12B0},
    {0x12B2,0x12B5},{0x12B8,0x12BE},{0x12C0,0x12C0},{0x12C2,0x12C5},{0x12C8,0x12D6},{0x12D8,0x1310},
    {0x1312,0x1315},{0x1318,0x135A},{0x1380,0x138F},{0x13A0,0x13F5},{0x13F8,0x13FD},{0x1401,0x166C},
    {0x166F,0x167F},{0x1681,0x169A},{0x16A0,0x16EA},{0x16F1,0x16F8},{0x1700,0x1711},{0x171F,0x1731},
    {0x1740,0x1751},{0x1760,0x176C},{0x176E,0x1770},{0x1780,0x17B3},{0x17D7,0x17D7},{0x17DC,0x17DC},
    {0x1820,0x1878},{0x1880,0x1884},{0x1887,0x18A8},{0x18AA,0x18AA},{0x18B0,0x18F5},{0x1900,0x191E},
    {0x1950,0x196D},{0x1970,0x1974},{0x1980,0x19AB},{0x19B0,0x19C9},{0x1A00,0x1A16},{0x1A20,0x1A54},
    {0x1AA7,0x1AA7},{0x1B05,0x1B33},{0x1B45,0x1B4C},{0x1B83,0x1BA0},{0x1BAE,0x1BAF},{0x1BBA,0x1BE5},
    {0x1C00,0x1C23},{0x1C4D,0x1C4F},{0x1C5A,0x1C7D},{0x1C80,0x1C8A},{0x1C90,0x1CBA},{0x1CBD,0x1CBF},
    {0x1CE9,0x1CEC},{0x1CEE,0x1CF3},{0x1CF5,0x1CF6},{0x1CFA,0x1CFA},{0x1D00,0x1DBF},{0x1E00,0x1F15},
    {0x1F18,0x1F1D},{0x1F20,0x1F45},{0x1F48,0x1F4D},{0x1F50,0x1F57},{0x1F59,0x1F59},{0x1F5B,0x1F5B},
    {0x1F5D,0x1F5D},{0x1F5F,0x1F7D},{0x1F80,0x1FB4},{0x1FB6,0x1FBC},{0x1FBE,0x1FBE},{0x1FC2,0x1FC4},
    {0x1FC6,0x1FCC},{0x1FD0,0x1FD3},{0x1FD6,0x1FDB},{0x1FE0,0x1FEC},{0x1FF2,0x1FF4},{0x1FF6,0x1FFC},
    {0x2071,0x2071},{0x207F,0x207F},{0x2090,0x209C},{0x2102,0x2102},{0x2107,0x2107},{0x210A,0x2113},
    {0x2115,0x2115},{0x2119,0x211D},{0x2124,0x2124},{0x2126,0x2126},{0x2128,0x2128},{0x212A,0x212D},
    {0x212F,0x2139},{0x213C,0x213F},{0x2145,0x2149},{0x214E,0x214E},{0x2183,0x2184},{0x2C00,0x2CE4},
    {0x2CEB,0x2CEE},{0x2CF2,0x2CF3},{0x2D00,0x2D25},{0x2D27,0x2D27},{0x2D2D,0x2D2D},{0x2D30,0x2D67},
    {0x2D6F,0x2D6F},{0x2D80,0x2D96},{0x2DA0,0x2DA6},{0x2DA8,0x2DAE},{0x2DB0,0x2DB6},{0x2DB8,0x2DBE},
    {0x2DC0,0x2DC6},{0x2DC8,0x2DCE},{0x2DD0,0x2DD6},{0x2DD8,0x2DDE},{0x2E2F,0x2E2F},{0x3005,0x3006},
    {0x3031,0x3035},{0x303B,0x303C},{0x3041,0x3096},{0x309D,0x309F},{0x30A1,0x30FA},{0x30FC,0x30FF},
    {0x3105,0x312F},{0x3131,0x318E},{0x31A0,0x31BF},{0x31F0,0x31FF},{0x3400,0x4DBF},{0x4E00,0xA48C},
    {0xA4D0,0xA4FD},{0xA500,0xA60C},{0xA610,0xA61F},{0xA62A,0xA62B},{0xA640,0xA66E},{0xA67F,0xA69D},
    {0xA6A0,0xA6E5},{0xA717,0xA71F},{0xA722,0xA788},{0xA78B,0xA7CD},{0xA7D0,0xA7D1},{0xA7D3,0xA7D3},
    {0xA7D5,0xA7DC},{0xA7F2,0xA801},{0xA803,0xA805},{0xA807,0xA80A},{0xA80C,0xA822},{0xA840,0xA873},
    {0xA882,0xA8B3},{0xA8F2,0xA8F7},{0xA8FB,0xA8FB},{0xA8FD,0xA8FE},{0xA90A,0xA925},{0xA930,0xA946},
    {0xA960,0xA97C},{0xA984,0xA9B2},{0xA9CF,0xA9CF},{0xA9E0,0xA9E4},{0xA9E6,0xA9EF},{0xA9FA,0xA9FE},
    {0xAA00,0xAA28},{0xAA40,0xAA42},{0xAA44,0xAA4B},{0xAA60,0xAA76},{0xAA7A,0xAA7A},{0xAA7E,0xAAAF},
    {0xAAB1,0xAAB1},{0xAAB5,0xAAB6},{0xAAB9,0xAABD},{0xAAC0,0xAAC0},{0xAAC2,0xAAC2},{0xAADB,0xAADD},
    {0xAAE0,0xAAEA},{0xAAF2,0xAAF4},{0xAB01,0xAB06},{0xAB09,0xAB0E},{0xAB11,0xAB16},{0xAB20,0xAB26},
    {0xAB28,0xAB2E},{0xAB30,0xAB5A},{0xAB5C,0xAB69},{0xAB70,0xABE2},{0xAC00,0xD7A3},{0xD7B0,0xD7C6},
    {0xD7CB,0xD7FB},{0xF900,0xFA6D},{0xFA70,0xFAD9},{0xFB00,0xFB06},{0xFB13,0xFB17},{0xFB1D,0xFB1D},
    {0xFB1F,0xFB28},{0xFB2A,0xFB36},{0xFB38,0xFB3C},{0xFB3E,0xFB3E},{0xFB40,0xFB41},{0xFB43,0xFB44},
    {0xFB46,0xFBB1},{0xFBD3,0xFD3D},{0xFD50,0xFD8F},{0xFD92,0xFDC7},{0xFDF0,0xFDFB},{0xFE70,0xFE74},
    {0xFE76,0xFEFC},{0xFF21,0xFF3A},{0xFF41,0xFF5A},{0xFF66,0xFFBE},{0xFFC2,0xFFC7},{0xFFCA,0xFFCF},
    {0xFFD2,0xFFD7},{0xFFDA,0xFFDC},{0x10000,0x1000B},{0x1000D,0x10026},{0x10028,0x1003A},{0x1003C,0x1003D},
    {0x1003F,0x1004D},{0x10050,0x1005D},{0x10080,0x100FA},{0x10280,0x1029C},{0x102A0,0x102D0},{0x10300,0x1031F},
    {0x1032D,0x10340},{0x10342,0x10349},{0x10350,0x10375},{0x10380,0x1039D},{0x103A0,0x103C3},{0x103C8,0x103CF},
    {0x10400,0x1049D},{0x104B0,0x104D3},{0x104D8,0x104FB},{0x10500,0x10527},{0x10530,0x10563},{0x10570,0x1057A},
    {0x1057C,0x1058A},{0x1058C,0x10592},{0x10594,0x10595},{0x10597,0x105A1},{0x105A3,0x105B1},{0x105B3,0x105B9},
    {0x105BB,0x105BC},{0x105C0,0x105F3},{0x10600,0x10736},{0x10740,0x10755},{0x10760,0x10767},{0x10780,0x10785},
    {0x10787,0x107B0},{0x107B2,0x107BA},{0x10800,0x10805},{0x10808,0x10808},{0x1080A,0x10835},{0x10837,0x10838},
    {0x1083C,0x1083C},{0x1083F,0x10855},{0x10860,0x10876},{0x10880,0x1089E},{0x108E0,0x108F2},{0x108F4,0x108F5},
    {0x10900,0x10915},{0x10920,0x10939},{0x10980,0x109B7},{0x109BE,0x109BF},{0x10A00,0x10A00},{0x10A10,0x10A13},
    {0x10A15,0x10A17},{0x10A19,0x10A35},{0x10A60,0x10A7C},{0x10A80,0x10A9C},{0x10AC0,0x10AC7},{0x10AC9,0x10AE4},
    {0x10B00,0x10B35},{0x10B40,0x10B55},{0x10B60,0x10B72},{0x10B80,0x10B91},{0x10C00,0x10C48},{0x10C80,0x10CB2},
    {0x10CC0,0x10CF2},{0x10D00,0x10D23},{0x10D4A,0x10D65},{0x10D6F,0x10D85},{0x10E80,0x10EA9},{0x10EB0,0x10EB1},
    {0x10EC2,0x10EC4},{0x10F00,0x10F1C},{0x10F27,0x10F27},{0x10F30,0x10F45},{0x10F70,0x10F81},{0x10FB0,0x10FC4},
    {0x10FE0,0x10FF6},{0x11003,0x11037},{0x11071,0x11072},{0x11075,0x11075},{0x11083,0x110AF},{0x110D0,0x110E8},
    {0x11103,0x11126},{0x11144,0x11144},{0x11147,0x11147},{0x11150,0x11172},{0x11176,0x11176},{0x11183,0x111B2},
    {0x111C1,0x111C4},{0x111DA,0x111DA},{0x111DC,0x111DC},{0x11200,0x11211},{0x11213,0x1122B},{0x1123F,0x11240},
    {0x11280,0x11286},{0x11288,0x11288},{0x1128A,0x1128D},{0x1128F,0x1129D},{0x1129F,0x112A8},{0x112B0,0x112DE},
    {0x11305,0x1130C},{0x1130F,0x11310},{0x11313,0x11328},{0x1132A,0x11330},{0x11332,0x11333},{0x11335,0x11339},
    {0x1133D,0x1133D},{0x11350,0x11350},{0x1135D,0x11361},{0x11380,0x11389},{0x1138B,0x1138B},{0x1138E,0x1138E},
    {0x11390,0x113B5},{0x113B7,0x113B7},{0x113D1,0x113D1},{0x113D3,0x113D3},{0x11400,0x11434},{0x11447,0x1144A},
    {0x1145F,0x11461},{0x11480,0x114AF},{0x114C4,0x114C5},{0x114C7,0x114C7},{0x11580,0x115AE},{0x115D8,0x115DB},
    {0x11600,0x1162F},{0x11644,0x11644},{0x11680,0x116AA},{0x116B8,0x116B8},{0x11700,0x1171A},{0x11740,0x11746},
    {0x11800,0x1182B},{0x118A0,0x118DF},{0x118FF,0x11906},{0x11909,0x11909},{0x1190C,0x11913},{0x11915,0x11916},
    {0x11918,0x1192F},{0x1193F,0x1193F},{0x11941,0x11941},{0x119A0,0x119A7},{0x119AA,0x119D0},{0x119E1,0x119E1},
    {0x119E3,0x119E3},{0x11A00,0x11A00},{0x11A0B,0x11A32},{0x11A3A,0x11A3A},{0x11A50,0x11A50},{0x11A5C,0x11A89},
    {0x11A9D,0x11A9D},{0x11AB0,0x11AF8},{0x11BC0,0x11BE0},{0x11C00,0x11C08},{0x11C0A,0x11C2E},{0x11C40,0x11C40},
    {0x11C72,0x11C8F},{0x11D00,0x11D06},{0x11D08,0x11D09},{0x11D0B,0x11D30},{0x11D46,0x11D46},{0x11D60,0x11D65},
    {0x11D67,0x11D68},{0x11D6A,0x11D89},{0x11D98,0x11D98},{0x11EE0,0x11EF2},{0x11F02,0x11F02},{0x11F04,0x11F10},
    {0x11F12,0x11F33},{0x11FB0,0x11FB0},{0x12000,0x12399},{0x12480,0x12543},{0x12F90,0x12FF0},{0x13000,0x1342F},
    {0x13441,0x13446},{0x13460,0x143FA},{0x14400,0x14646},{0x16100,0x1611D},{0x16800,0x16A38},{0x16A40,0x16A5E},
    {0x16A70,0x16ABE},{0x16AD0,0x16AED},{0x16B00,0x16B2F},{0x16B40,0x16B43},{0x16B63,0x16B77},{0x16B7D,0x16B8F},
    {0x16D40,0x16D6C},{0x16E40,0x16E7F},{0x16F00,0x16F4A},{0x16F50,0x16F50},{0x16F93,0x16F9F},{0x16FE0,0x16FE1},
    {0x16FE3,0x16FE3},{0x17000,0x187F7},{0x18800,0x18CD5},{0x18CFF,0x18D08},{0x1AFF0,0x1AFF3},{0x1AFF5,0x1AFFB},
    {0x1AFFD,0x1AFFE},{0x1B000,0x1B122},{0x1B132,0x1B132},{0x1B150,0x1B152},{0x1B155,0x1B155},{0x1B164,0x1B167},
    {0x1B170,0x1B2FB},{0x1BC00,0x1BC6A},{0x1BC70,0x1BC7C},{0x1BC80,0x1BC88},{0x1BC90,0x1BC99},{0x1D400,0x1D454},
    {0x1D456,0x1D49C},{0x1D49E,0x1D49F},{0x1D4A2,0x1D4A2},{0x1D4A5,0x1D4A6},{0x1D4A9,0x1D4AC},{0x1D4AE,0x1D4B9},
    {0x1D4BB,0x1D4BB},{0x1D4BD,0x1D4C3},{0x1D4C5,0x1D505},{0x1D507,0x1D50A},{0x1D50D,0x1D514},{0x1D516,0x1D51C},
    {0x1D51E,0x1D539},{0x1D53B,0x1D53E},{0x1D540,0x1D544},{0x1D546,0x1D546},{0x1D54A,0x1D550},{0x1D552,0x1D6A5},
    {0x1D6A8,0x1D6C0},{0x1D6C2,0x1D6DA},{0x1D6DC,0x1D6FA},{0x1D6FC,0x1D714},{0x1D716,0x1D734},{0x1D736,0x1D74E},
    {0x1D750,0x1D76E},{0x1D770,0x1D788},{0x1D78A,0x1D7A8},{0x1D7AA,0x1D7C2},{0x1D7C4,0x1D7CB},{0x1DF00,0x1DF1E},
    {0x1DF25,0x1DF2A},{0x1E030,0x1E06D},{0x1E100,0x1E12C},{0x1E137,0x1E13D},{0x1E14E,0x1E14E},{0x1E290,0x1E2AD},
    {0x1E2C0,0x1E2EB},{0x1E4D0,0x1E4EB},{0x1E5D0,0x1E5ED},{0x1E5F0,0x1E5F0},{0x1E7E0,0x1E7E6},{0x1E7E8,0x1E7EB},
    {0x1E7ED,0x1E7EE},{0x1E7F0,0x1E7FE},{0x1E800,0x1E8C4},{0x1E900,0x1E943},{0x1E94B,0x1E94B},{0x1EE00,0x1EE03},
    {0x1EE05,0x1EE1F},{0x1EE21,0x1EE22},{0x1EE24,0x1EE24},{0x1EE27,0x1EE27},{0x1EE29,0x1EE32},{0x1EE34,0x1EE37},
    {0x1EE39,0x1EE39},{0x1EE3B,0x1EE3B},{0x1EE42,0x1EE42},{0x1EE47,0x1EE47},{0x1EE49,0x1EE49},{0x1EE4B,0x1EE4B},
    {0x1EE4D,0x1EE4F},{0x1EE51,0x1EE52},{0x1EE54,0x1EE54},{0x1EE57,0x1EE57},{0x1EE59,0x1EE59},{0x1EE5B,0x1EE5B},
    {0x1EE5D,0x1EE5D},{0x1EE5F,0x1EE5F},{0x1EE61,0x1EE62},{0x1EE64,0x1EE64},{0x1EE67,0x1EE6A},{0x1EE6C,0x1EE72},
    {0x1EE74,0x1EE77},{0x1EE79,0x1EE7C},{0x1EE7E,0x1EE7E},{0x1EE80,0x1EE89},{0x1EE8B,0x1EE9B},{0x1EEA1,0x1EEA3},
    {0x1EEA5,0x1EEA9},{0x1EEAB,0x1EEBB},{0x20000,0x2A6DF},{0x2A700,0x2B739},{0x2B740,0x2B81D},{0x2B820,0x2CEA1},
    {0x2CEB0,0x2EBE0},{0x2EBF0,0x2EE5D},{0x2F800,0x2FA1D},{0x30000,0x3134A},{0x31350,0x323AF},
};

// General category N (\p{N}) (144 ranges)
inline constexpr Range kNumber[] = {
    {0x0030,0x0039},{0x00B2,0x00B3},{0x00B9,0x00B9},{0x00BC,0x00BE},{0x0660,0x0669},{0x06F0,0x06F9},
    {0x07C0,0x07C9},{0x0966,0x096F},{0x09E6,0x09EF},{0x09F4,0x09F9},{0x0A66,0x0A6F},{0x0AE6,0x0AEF},
    {0x0B66,0x0B6F},{0x0B72,0x0B77},{0x0BE6,0x0BF2},{0x0C66,0x0C6F},{0x0C78,0x0C7E},{0x0CE6,0x0CEF},
    {0x0D58,0x0D5E},{0x0D66,0x0D78},{0x0DE6,0x0DEF},{0x0E50,0x0E59},{0x0ED0,0x0ED9},{0x0F20,0x0F33},
    {0x1040,0x1049},{0x1090,0x1099},{0x1369,0x137C},{0x16EE,0x16F0},{0x17E0,0x17E9},{0x17F0,0x17F9},
    {0x1810,0x1819},{0x1946,0x194F},{0x19D0,0x19DA},{0x1A80,0x1A89},{0x1A90,0x1A99},{0x1B50,0x1B59},
    {0x1BB0,0x1BB9},{0x1C40,0x1C49},{0x1C50,0x1C59},{0x2070,0x2070},{0x2074,0x2079},{0x2080,0x2089},
    {0x2150,0x2182},{0x2185,0x2189},{0x2460,0x249B},{0x24EA,0x24FF},{0x2776,0x2793},{0x2CFD,0x2CFD},
    {0x3007,0x3007},{0x3021,0x3029},{0x3038,0x303A},{0x3192,0x3195},{0x3220,0x3229},{0x3248,0x324F},
    {0x3251,0x325F},{0x3280,0x3289},{0x32B1,0x32BF},{0xA620,0xA629},{0xA6E6,0xA6EF},{0xA830,0xA835},
    {0xA8D0,0xA8D9},{0xA900,0xA909},{0xA9D0,0xA9D9},{0xA9F0,0xA9F9},{0xAA50,0xAA59},{0xABF0,0xABF9},
    {0xFF10,0xFF19},{0x10107,0x10133},{0x10140,0x10178},{0x1018A,0x1018B},{0x102E1,0x102FB},{0x10320,0x10323},
    {0x10341,0x10341},{0x1034A,0x1034A},{0x103D1,0x103D5},{0x104A0,0x104A9},{0x10858,0x1085F},{0x10879,0x1087F},
    {0x108A7,0x108AF},{0x108FB,0x108FF},{0x10916,0x1091B},{0x109BC,0x109BD},{0x109C0,0x109CF},{0x109D2,0x109FF},
    {0x10A40,0x10A48},{0x10A7D,0x10A7E},{0x10A9D,0x10A9F},{0x10AEB,0x10AEF},{0x10B58,0x10B5F},{0x10B78,0x10B7F},
    {0x10BA9,0x10BAF},{0x10CFA,0x10CFF},{0x10D30,0x10D39},{0x10D40,0x10D49},{0x10E60,0x10E7E},{0x10F1D,0x10F26},
    {0x10F51,0x10F54},{0x10FC5,0x10FCB},{0x11052,0x1106F},{0x110F0,0x110F9},{0x11136,0x1113F},{0x111D0,0x111D9},
    {0x111E1,0x111F4},{0x112F0,0x112F9},{0x11450,0x11459},{0x114D0,0x114D9},{0x11650,0x11659},{0x116C0,0x116C9},
    {0x116D0,0x116E3},{0x11730,0x1173B},{0x118E0,0x118F2},{0x11950,0x11959},{0x11BF0,0x11BF9},{0x11C50,0x11C6C},
    {0x11D50,0x11D59},{0x11DA0,0x11DA9},{0x11F50,0x11F59},{0x11FC0,0x11FD4},{0x12400,0x1246E},{0x16130,0x16139},
    {0x16A60,0x16A69},{0x16AC0,0x16AC9},{0x16B50,0x16B59},{0x16B5B,0x16B61},{0x16D70,0x16D79},{0x16E80,0x16E96},
    {0x1CCF0,0x1CCF9},{0x1D2C0,0x1D2D3},{0x1D2E0,0x1D2F3},{0x1D360,0x1D378},{0x1D7CE,0x1D7FF},{0x1E140,0x1E149},
    {0x1E2F0,0x1E2F9},{0x1E4F0,0x1E4F9},{0x1E5F1,0x1E5FA},{0x1E8C7,0x1E8CF},{0x1E950,0x1E959},{0x1EC71,0x1ECAB},
    {0x1ECAD,0x1ECAF},{0x1ECB1,0x1ECB4},{0x1ED01,0x1ED2D},{0x1ED2F,0x1ED3D},{0x1F100,0x1F10C},{0x1FBF0,0x1FBF9},
};

// White_Space property (the regex crate's / Oniguruma's \s) (10 ranges)
inline constexpr Range kWhiteSpace[] = {
    {0x0009,0x000D},{0x0020,0x0020},{0x0085,0x0085},{0x00A0,0x00A0},{0x1680,0x1680},{0x2000,0x200A},
    {0x2028,0x2029},{0x202F,0x202F},{0x205F,0x205F},{0x3000,0x3000},
};

// NFC_Quick_Check = No (73 ranges)
inline constexpr Range kNfcQcNo[] = {
    {0x0340,0x0341},{0x0343,0x0344},{0x0374,0x0374},{0x037E,0x037E},{0x0387,0x0387},{0x0958,0x095F},
    {0x09DC,0x09DD},{0x09DF,0x09DF},{0x0A33,0x0A33},{0x0A36,0x0A36},{0x0A59,0x0A5B},{0x0A5E,0x0A5E},
    {0x0B5C,0x0B5D},{0x0F43,0x0F43},{0x0F4D,0x0F4D},{0x0F52,0x0F52},{0x0F57,0x0F57},{0x0F5C,0x0F5C},
    {0x0F69,0x0F69},{0x0F73,0x0F73},{0x0F75,0x0F76},{0x0F78,0x0F78},{0x0F81,0x0F81},{0x0F93,0x0F93},
    {0x0F9D,0x0F9D},{0x0FA2,0x0FA2},{0x0FA7,0x0FA7},{0x0FAC,0x0FAC},{0x0FB9,0x0FB9},{0x1F71,0x1F71},
    {0x1F73,0x1F73},{0x1F75,0x1F75},{0x1F77,0x1F77},{0x1F79,0x1F79},{0x1F7B,0x1F7B},{0x1F7D,0x1F7D},
    {0x1FBB,0x1FBB},{0x1FBE,0x1FBE},{0x1FC9,0x1FC9},{0x1FCB,0x1FCB},{0x1FD3,0x1FD3},{0x1FDB,0x1FDB},
    {0x1FE3,0x1FE3},{0x1FEB,0x1FEB},{0x1FEE,0x1FEF},{0x1FF9,0x1FF9},{0x1FFB,0x1FFB},{0x1FFD,0x1FFD},
    {0x2000,0x2001},{0x2126,0x2126},{0x212A,0x212B},{0x2329,0x232A},{0x2ADC,0x2ADC},{0xF900,0xFA0D},
    {0xFA10,0xFA10},{0xFA12,0xFA12},{0xFA15,0xFA1E},{0xFA20,0xFA20},{0xFA22,0xFA22},{0xFA25,0xFA26},
    {0xFA2A,0xFA6D},{0xFA70,0xFAD9},{0xFB1D,0xFB1D},{0xFB1F,0xFB1F},{0xFB2A,0xFB36},{0xFB38,0xFB3C},
    {0xFB3E,0xFB3E},{0xFB40,0xFB41},{0xFB43,0xFB44},{0xFB46,0xFB4E},{0x1D15E,0x1D164},{0x1D1BB,0x1D1C0},
    {0x2F800,0x2FA1D},
};

// NFC_Quick_Check = Maybe (49 ranges)
inline constexpr Range kNfcQcMaybe[] = {
    {0x0300,0x0304},{0x0306,0x030C},{0x030F,0x030F},{0x0311,0x0311},{0x0313,0x0314},{0x031B,0x031B},
    {0x0323,0x0328},{0x032D,0x032E},{0x0330,0x0331},{0x0338,0x0338},{0x0342,0x0342},{0x0345,0x0345},
    {0x0653,0x0655},{0x093C,0x093C},{0x09BE,0x09BE},{0x09D7,0x09D7},{0x0B3E,0x0B3E},{0x0B56,0x0B57},
    {0x0BBE,0x0BBE},{0x0BD7,0x0BD7},{0x0C56,0x0C56},{0x0CC2,0x0CC2},{0x0CD5,0x0CD6},{0x0D3E,0x0D3E},
    {0x0D57,0x0D57},{0x0DCA,0x0DCA},{0x0DCF,0x0DCF},{0x0DDF,0x0DDF},{0x102E,0x102E},{0x1161,0x1175},
    {0x11A8,0x11C2},{0x1B35,0x1B35},{0x3099,0x309A},{0x110BA,0x110BA},{0x11127,0x11127},{0x1133E,0x1133E},
    {0x11357,0x11357},{0x113B8,0x113B8},{0x113BB,0x113BB},{0x113C2,0x113C2},{0x113C9,0x113C9},{0x114B0,0x114B0},
    {0x114BA,0x114BA},{0x114BD,0x114BD},{0x115AF,0x115AF},{0x11930,0x11930},{0x1611E,0x16120},{0x16129,0x16129},
    {0x16D67,0x16D67},
};

// Canonical_Combining_Class, nonzero runs only (393 ranges)
inline constexpr CccRange kCcc[] = {
    {0x0300,0x0314,230},{0x0315,0x0315,232},{0x0316,0x0319,220},{0x031A,0x031A,232},{0x031B,0x031B,216},
    {0x031C,0x0320,220},{0x0321,0x0322,202},{0x0323,0x0326,220},{0x0327,0x0328,202},{0x0329,0x0333,220},
    {0x0334,0x0338,1},{0x0339,0x033C,220},{0x033D,0x0344,230},{0x0345,0x0345,240},{0x0346,0x0346,230},
    {0x0347,0x0349,220},{0x034A,0x034C,230},{0x034D,0x034E,220},{0x0350,0x0352,230},{0x0353,0x0356,220},
    {0x0357,0x0357,230},{0x0358,0x0358,232},{0x0359,0x035A,220},{0x035B,0x035B,230},{0x035C,0x035C,233},
    {0x035D,0x035E,234},{0x035F,0x035F,233},{0x0360,0x0361,234},{0x0362,0x0362,233},{0x0363,0x036F,230},
    {0x0483,0x0487,230},{0x0591,0x0591,220},{0x0592,0x0595,230},{0x0596,0x0596,220},{0x0597,0x0599,230},
    {0x059A,0x059A,222},{0x059B,0x059B,220},{0x059C,0x05A1,230},{0x05A2,0x05A7,220},{0x05A8,0x05A9,230},
    {0x05AA,0x05AA,220},{0x05AB,0x05AC,230},{0x05AD,0x05AD,222},{0x05AE,0x05AE,228},{0x05AF,0x05AF,230},
    {0x05B0,0x05B0,10},{0x05B1,0x05B1,11},{0x05B2,0x05B2,12},{0x05B3,0x05B3,13},{0x05B4,0x05B4,14},
    {0x05B5,0x05B5,15},{0x05B6,0x05B6,16},{0x05B7,0x05B7,17},{0x05B8,0x05B8,18},{0x05B9,0x05BA,19},
    {0x05BB,0x05BB,20},{0x05BC,0x05BC,21},{0x05BD,0x05BD,22},{0x05BF,0x05BF,23},{0x05C1,0x05C1,24},
    {0x05C2,0x05C2,25},{0x05C4,0x05C4,230},{0x05C5,0x05C5,220},{0x05C7,0x05C7,18},{0x0610,0x0617,230},
    {0x0618,0x0618,30},{0x0619,0x0619,31},{0x061A,0x061A,32},{0x064B,0x064B,27},{0x064C,0x064C,28},
    {0x064D,0x064D,29},{0x064E,0x064E,30},{0x064F,0x064F,31},{0x0650,0x0650,32},{0x0651,0x0651,33},
    {0x0652,0x0652,34},{0x0653,0x0654,230},{0x0655,0x0656,220},{0x0657,0x065B,230},{0x065C,0x065C,220},
    {0x065D,0x065E,230},{0x065F,0x065F,220},{0x0670,0x0670,35},{0x06D6,0x06DC,230},{0x06DF,0x06E2,230},
    {0x06E3,0x06E3,220},{0x06E4,0x06E4,230},{0x06E7,0x06E8,230},{0x06EA,0x06EA,220},{0x06EB,0x06EC,230},
    {0x06ED,0x06ED,220},{0x0711,0x0711,36},{0x0730,0x0730,230},{0x0731,0x0731,220},{0x0732,0x0733,230},
    {0x0734,0x0734,220},{0x0735,0x0736,230},{0x0737,0x0739,220},{0x073A,0x073A,230},{0x073B,0x073C,220},
    {0x073D,0x073D,230},{0x073E,0x073E,220},{0x073F,0x0741,230},{0x0742,0x0742,220},{0x0743,0x0743,230},
    {0x0744,0x0744,220},{0x0745,0x0745,230},{0x0746,0x0746,220},{0x0747,0x0747,230},{0x0748,0x0748,220},
    {0x0749,0x074A,230},{0x07EB,0x07F1,230},{0x07F2,0x07F2,220},{0x07F3,0x07F3,230},{0x07FD,0x07FD,220},
    {0x0816,0x0819,230},{0x081B,0x0823,230},{0x0825,0x0827,230},{0x0829,0x082D,230},{0x0859,0x085B,220},
    {0x0897,0x0898,230},{0x0899,0x089B,220},{0x089C,0x089F,230},{0x08CA,0x08CE,230},{0x08CF,0x08D3,220},
    {0x08D4,0x08E1,230},{0x08E3,0x08E3,220},{0x08E4,0x08E5,230},{0x08E6,0x08E6,220},{0x08E7,0x08E8,230},
    {0x08E9,0x08E9,220},{0x08EA,0x08EC,230},{0x08ED,0x08EF,220},{0x08F0,0x08F0,27},{0x08F1,0x08F1,28},
    {0x08F2,0x08F2,29},{0x08F3,0x08F5,230},{0x08F6,0x08F6,220},{0x08F7,0x08F8,230},{0x08F9,0x08FA,220},
    {0x08FB,0x08FF,230},{0x093C,0x093C,7},{0x094D,0x094D,9},{0x0951,0x0951,230},{0x0952,0x0952,220},
    {0x0953,0x0954,230},{0x09BC,0x09BC,7},{0x09CD,0x09CD,9},{0x09FE,0x09FE,230},{0x0A3C,0x0A3C,7},
    {0x0A4D,0x0A4D,9},{0x0ABC,0x0ABC,7},{0x0ACD,0x0ACD,9},{0x0B3C,0x0B3C,7},{0x0B4D,0x0B4D,9},
    {0x0BCD,0x0BCD,9},{0x0C3C,0x0C3C,7},{0x0C4D,0x0C4D,9},{0x0C55,0x0C55,84},{0x0C56,0x0C56,91},
    {0x0CBC,0x0CBC,7},{0x0CCD,0x0CCD,9},{0x0D3B,0x0D3C,9},{0x0D4D,0x0D4D,9},{0x0DCA,0x0DCA,9},
    {0x0E38,0x0E39,103},{0x0E3A,0x0E3A,9},{0x0E48,0x0E4B,107},{0x0EB8,0x0EB9,118},{0x0EBA,0x0EBA,9},
    {0x0EC8,0x0ECB,122},{0x0F18,0x0F19,220},{0x0F35,0x0F35,220},{0x0F37,0x0F37,220},{0x0F39,0x0F39,216},
    {0x0F71,0x0F71,129},{0x0F72,0x0F72,130},{0x0F74,0x0F74,132},{0x0F7A,0x0F7D,130},{0x0F80,0x0F80,130},
    {0x0F82,0x0F83,230},{0x0F84,0x0F84,9},{0x0F86,0x0F87,230},{0x0FC6,0x0FC6,220},{0x1037,0x1037,7},
    {0x1039,0x103A,9},{0x108D,0x108D,220},{0x135D,0x135F,230},{0x1714,0x1715,9},{0x1734,0x1734,9},
    {0x17D2,0x17D2,9},{0x17DD,0x17DD,230},{0x18A9,0x18A9,228},{0x1939,0x1939,222},{0x193A,0x193A,230},
    {0x193B,0x193B,220},{0x1A17,0x1A17,230},{0x1A18,0x1A18,220},{0x1A60,0x1A60,9},{0x1A75,0x1A7C,230},
    {0x1A7F,0x1A7F,220},{0x1AB0,0x1AB4,230},{0x1AB5,0x1ABA,220},{0x1ABB,0x1ABC,230},{0x1ABD,0x1ABD,220},
    {0x1ABF,0x1AC0,220},{0x1AC1,0x1AC2,230},{0x1AC3,0x1AC4,220},{0x1AC5,0x1AC9,230},{0x1ACA,0x1ACA,220},
    {0x1ACB,0x1ACE,230},{0x1B34,0x1B34,7},{0x1B44,0x1B44,9},{0x1B6B,0x1B6B,230},{0x1B6C,0x1B6C,220},
    {0x1B6D,0x1B73,230},{0x1BAA,0x1BAB,9},{0x1BE6,0x1BE6,7},{0x1BF2,0x1BF3,9},{0x1C37,0x1C37,7},
    {0x1CD0,0x1CD2,230},{0x1CD4,0x1CD4,1},{0x1CD5,0x1CD9,220},{0x1CDA,0x1CDB,230},{0x1CDC,0x1CDF,220},
    {0x1CE0,0x1CE0,230},{0x1CE2,0x1CE8,1},{0x1CED,0x1CED,220},{0x1CF4,0x1CF4,230},{0x1CF8,0x1CF9,230},
    {0x1DC0,0x1DC1,230},{0x1DC2,0x1DC2,220},{0x1DC3,0x1DC9,230},{0x1DCA,0x1DCA,220},{0x1DCB,0x1DCC,230},
    {0x1DCD,0x1DCD,234},{0x1DCE,0x1DCE,214},{0x1DCF,0x1DCF,220},{0x1DD0,0x1DD0,202},{0x1DD1,0x1DF5,230},
    {0x1DF6,0x1DF6,232},{0x1DF7,0x1DF8,228},{0x1DF9,0x1DF9,220},{0x1DFA,0x1DFA,218},{0x1DFB,0x1DFB,230},
    {0x1DFC,0x1DFC,233},{0x1DFD,0x1DFD,220},{0x1DFE,0x1DFE,230},{0x1DFF,0x1DFF,220},{0x20D0,0x20D1,230},
    {0x20D2,0x20D3,1},{0x20D4,0x20D7,230},{0x20D8,0x20DA,1},{0x20DB,0x20DC,230},{0x20E1,0x20E1,230},
    {0x20E5,0x20E6,1},{0x20E7,0x20E7,230},{0x20E8,0x20E8,220},{0x20E9,0x20E9,230},{0x20EA,0x20EB,1},
    {0x20EC,0x20EF,220},{0x20F0,0x20F0,230},{0x2CEF,0x2CF1,230},{0x2D7F,0x2D7F,9},{0x2DE0,0x2DFF,230},
    {0x302A,0x302A,218},{0x302B,0x302B,228},{0x302C,0x302C,232},{0x302D,0x302D,222},{0x302E,0x302F,224},
    {0x3099,0x309A,8},{0xA66F,0xA66F,230},{0xA674,0xA67D,230},{0xA69E,0xA69F,230},{0xA6F0,0xA6F1,230},
    {0xA806,0xA806,9},{0xA82C,0xA82C,9},{0xA8C4,0xA8C4,9},{0xA8E0,0xA8F1,230},{0xA92B,0xA92D,220},
    {0xA953,0xA953,9},{0xA9B3,0xA9B3,7},{0xA9C0,0xA9C0,9},{0xAAB0,0xAAB0,230},{0xAAB2,0xAAB3,230},
    {0xAAB4,0xAAB4,220},{0xAAB7,0xAAB8,230},{0xAABE,0xAABF,230},{0xAAC1,0xAAC1,230},{0xAAF6,0xAAF6,9},
    {0xABED,0xABED,9},{0xFB1E,0xFB1E,26},{0xFE20,0xFE26,230},{0xFE27,0xFE2D,220},{0xFE2E,0xFE2F,230},
    {0x101FD,0x101FD,220},{0x102E0,0x102E0,220},{0x10376,0x1037A,230},{0x10A0D,0x10A0D,220},{0x10A0F,0x10A0F,230},
    {0x10A38,0x10A38,230},{0x10A39,0x10A39,1},{0x10A3A,0x10A3A,220},{0x10A3F,0x10A3F,9},{0x10AE5,0x10AE5,230},
    {0x10AE6,0x10AE6,220},{0x10D24,0x10D27,230},{0x10D69,0x10D6D,230},{0x10EAB,0x10EAC,230},{0x10EFD,0x10EFF,220},
    {0x10F46,0x10F47,220},{0x10F48,0x10F4A,230},{0x10F4B,0x10F4B,220},{0x10F4C,0x10F4C,230},{0x10F4D,0x10F50,220},
    {0x10F82,0x10F82,230},{0x10F83,0x10F83,220},{0x10F84,0x10F84,230},{0x10F85,0x10F85,220},{0x11046,0x11046,9},
    {0x11070,0x11070,9},{0x1107F,0x1107F,9},{0x110B9,0x110B9,9},{0x110BA,0x110BA,7},{0x11100,0x11102,230},
    {0x11133,0x11134,9},{0x11173,0x11173,7},{0x111C0,0x111C0,9},{0x111CA,0x111CA,7},{0x11235,0x11235,9},
    {0x11236,0x11236,7},{0x112E9,0x112E9,7},{0x112EA,0x112EA,9},{0x1133B,0x1133C,7},{0x1134D,0x1134D,9},
    {0x11366,0x1136C,230},{0x11370,0x11374,230},{0x113CE,0x113D0,9},{0x11442,0x11442,9},{0x11446,0x11446,7},
    {0x1145E,0x1145E,230},{0x114C2,0x114C2,9},{0x114C3,0x114C3,7},{0x115BF,0x115BF,9},{0x115C0,0x115C0,7},
    {0x1163F,0x1163F,9},{0x116B6,0x116B6,9},{0x116B7,0x116B7,7},{0x1172B,0x1172B,9},{0x11839,0x11839,9},
    {0x1183A,0x1183A,7},{0x1193D,0x1193E,9},{0x11943,0x11943,7},{0x119E0,0x119E0,9},{0x11A34,0x11A34,9},
    {0x11A47,0x11A47,9},{0x11A99,0x11A99,9},{0x11C3F,0x11C3F,9},{0x11D42,0x11D42,7},{0x11D44,0x11D45,9},
    {0x11D97,0x11D97,9},{0x11F41,0x11F42,9},{0x1612F,0x1612F,9},{0x16AF0,0x16AF4,1},{0x16B30,0x16B36,230},
    {0x16FF0,0x16FF1,6},{0x1BC9E,0x1BC9E,1},{0x1D165,0x1D166,216},{0x1D167,0x1D169,1},{0x1D16D,0x1D16D,226},
    {0x1D16E,0x1D172,216},{0x1D17B,0x1D182,220},{0x1D185,0x1D189,230},{0x1D18A,0x1D18B,220},{0x1D1AA,0x1D1AD,230},
    {0x1D242,0x1D244,230},{0x1E000,0x1E006,230},{0x1E008,0x1E018,230},{0x1E01B,0x1E021,230},{0x1E023,0x1E024,230},
    {0x1E026,0x1E02A,230},{0x1E08F,0x1E08F,230},{0x1E130,0x1E136,230},{0x1E2AE,0x1E2AE,230},{0x1E2EC,0x1E2EF,230},
    {0x1E4EC,0x1E4ED,232},{0x1E4EE,0x1E4EE,220},{0x1E4EF,0x1E4EF,230},{0x1E5EE,0x1E5EE,230},{0x1E5EF,0x1E5EF,220},
    {0x1E8D0,0x1E8D6,220},{0x1E944,0x1E949,230},{0x1E94A,0x1E94A,7},
};

// Full canonical decompositions (NFD), sorted by code point (2081 entries); Hangul syllables are algorithmic
inline constexpr Decomp kDecomp[] = {
    {0x00C0,0,2},{0x00C1,2,2},{0x00C2,4,2},{0x00C3,6,2},{0x00C4,8,2},
    {0x00C5,10,2},{0x00C7,12,2},{0x00C8,14,2},{0x00C9,16,2},{0x00CA,18,2},
    {0x00CB,20,2},{0x00CC,22,2},{0x00CD,24,2},{0x00CE,26,2},{0x00CF,28,2},
    {0x00D1,30,2},{0x00D2,32,2},{0x00D3,34,2},{0x00D4,36,2},{0x00D5,38,2},
    {0x00D6,40,2},{0x00D9,42,2},{0x00DA,44,2},{0x00DB,46,2},{0x00DC,48,2},
    {0x00DD,50,2},{0x00E0,52,2},{0x00E1,54,2},{0x00E2,56,2},{0x00E3,58,2},
    {0x00E4,60,2},{0x00E5,62,2},{0x00E7,64,2},{0x00E8,66,2},{0x00E9,68,2},
    {0x00EA,70,2},{0x00EB,72,2},{0x00EC,74,2},{0x00ED,76,2},{0x00EE,78,2},
    {0x00EF,80,2},{0x00F1,82,2},{0x00F2,84,2},{0x00F3,86,2},{0x00F4,88,2},
    {0x00F5,90,2},{0x00F6,92,2},{0x00F9,94,2},{0x00FA,96,2},{0x00FB,98,2},
    {0x00FC,100,2},{0x00FD,102,2},{0x00FF,104,2},{0x0100,106,2},{0x0101,108,2},
    {0x0102,110,2},{0x0103,112,2},{0x0104,114,2},{0x0105,116,2},{0x0106,118,2},
    {0x0107,120,2},{0x0108,122,2},{0x0109,124,2},{0x010A,126,2},{0x010B,128,2},
    {0x010C,130,2},{0x010D,132,2},{0x010E,134,2},{0x010F,136,2},{0x0112,138,2},
    {0x0113,140,2},{0x0114,142,2},{0x0115,144,2},{0x0116,146,2},{0x0117,148,2},
    {0x0118,150,2},{0x0119,152,2},{0x011A,154,2},{0x011B,156,2},{0x011C,158,2},
    {0x011D,160,2},{0x011E,162,2},{0x011F,164,2},{0x0120,166,2},{0x0121,168,2},
    {0x0122,170,2},{0x0123,172,2},{0x0124,174,2},{0x0125,176,2},{0x0128,178,2},
    {0x0129,180,2},{0x012A,182,2},{0x012B,184,2},{0x012C,186,2},{0x012D,188,2},
    {0x012E,190,2},{0x012F,192,2},{0x0130,194,2},{0x0134,196,2},{0x0135,198,2},
    {0x0136,200,2},{0x0137,202,2},{0x0139,204,2},{0x013A,206,2},{0x013B,208,2},
    {0x013C,210,2},{0x013D,212,2},{0x013E,214,2},{0x0143,216,2},{0x0144,218,2},
    {0x0145,220,2},{0x0146,222,2},{0x0147,224,2},{0x0148,226,2},{0x014C,228,2},
    {0x014D,230,2},{0x014E,232,2},{0x014F,234,2},{0x0150,236,2},{0x0151,238,2},
    {0x0154,240,2},{0x0155,242,2},{0x0156,244,2},{0x0157,246,2},{0x0158,248,2},
    {0x0159,250,2},{0x015A,252,2},{0x015B,254,2},{0x015C,256,2},{0x015D,258,2},
    {0x015E,260,2},{0x015F,262,2},{0x0160,264,2},{0x0161,266,2},{0x0162,268,2},
    {0x0163,270,2},{0x0164,272,2},{0x0165,274,2},{0x0168,276,2},{0x0169,278,2},
    {0x016A,280,2},{0x016B,282,2},{0x016C,284,2},{0x016D,286,2},{0x016E,288,2},
    {0x016F,290,2},{0x0170,292,2},{0x0171,294,2},{0x0172,296,2},{0x0173,298,2},
    {0x0174,300,2},{0x0175,302,2},{0x0176,304,2},{0x0177,306,2},{0x0178,308,2},
    {0x0179,310,2},{0x017A,312,2},{0x017B,314,2},{0x017C,316,2},{0x017D,318,2},
    {0x017E,320,2},{0x01A0,322,2},{0x01A1,324,2},{0x01AF,326,2},{0x01B0,328,2},
    {0x01CD,330,2},{0x01CE,332,2},{0x01CF,334,2},{0x01D0,336,2},{0x01D1,338,2},
    {0x01D2,340,2},{0x01D3,342,2},{0x01D4,344,2},{0x01D5,346,3},{0x01D6,349,3},
    {0x01D7,352,3},{0x01D8,355,3},{0x01D9,358,3},{0x01DA,361,3},{0x01DB,364,3},
    {0x01DC,367,3},{0x01DE,370,3},{0x01DF,373,3},{0x01E0,376,3},{0x01E1,379,3},
    {0x01E2,382,2},{0x01E3,384,2},{0x01E6,386,2},{0x01E7,388,2},{0x01E8,390,2},
    {0x01E9,392,2},{0x01EA,394,2},{0x01EB,396,2},{0x01EC,398,3},{0x01ED,401,3},
    {0x01EE,404,2},{0x01EF,406,2},{0x01F0,408,2},{0x01F4,410,2},{0x01F5,412,2},
    {0x01F8,414,2},{0x01F9,416,2},{0x01FA,418,3},{0x01FB,421,3},{0x01FC,424,2},
    {0x01FD,426,2},{0x01FE,428,2},{0x01FF,430,2},{0x0200,432,2},{0x0201,434,2},
    {0x0202,436,2},{0x0203,438,2},{0x0204,440,2},{0x0205,442,2},{0x0206,444,2},
    {0x0207,446,2},{0x0208,448,2},{0x0209,450,2},{0x020A,452,2},{0x020B,454,2},
    {0x020C,456,2},{0x020D,458,2},{0x020E,460,2},{0x020F,462,2},{0x0210,464,2},
    {0x0211,466,2},{0x0212,468,2},{0x0213,470,2},{0x0214,472,2},{0x0215,474,2},
    {0x0216,476,2},{0x0217,478,2},{0x0218,480,2},{0x0219,482,2},{0x021A,484,2},
    {0x021B,486,2},{0x021E,488,2},{0x021F,490,2},{0x0226,492,2},{0x0227,494,2},
    {0x0228,496,2},{0x0229,498,2},{0x022A,500,3},{0x022B,503,3},{0x022C,506,3},
    {0x022D,509,3},{0x022E,512,2},{0x022F,514,2},{0x0230,516,3},{0x0231,519,3},
    {0x0232,522,2},{0x0233,524,2},{0x0340,526,1},{0x0341,527,1},{0x0343,528,1},
    {0x0344,529,2},{0x0374,531,1},{0x037E,532,1},{0x0385,533,2},{0x0386,535,2},
    {0x0387,537,1},{0x0388,538,2},{0x0389,540,2},{0x038A,542,2},{0x038C,544,2},
    {0x038E,546,2},{0x038F,548,2},{0x0390,550,3},{0x03AA,553,2},{0x03AB,555,2},
    {0x03AC,557,2},{0x03AD,559,2},{0x03AE,561,2},{0x03AF,563,2},{0x03B0,565,3},
    {0x03CA,568,2},{0x03CB,570,2},{0x03CC,572,2},{0x03CD,574,2},{0x03CE,576,2},
    {0x03D3,578,2},{0x03D4,580,2},{0x0400,582,2},{0x0401,584,2},{0x0403,586,2},
    {0x0407,588,2},{0x040C,590,2},{0x040D,592,2},{0x040E,594,2},{0x0419,596,2},
    {0x0439,598,2},{0x0450,600,2},{0x0451,602,2},{0x0453,604,2},{0x0457,606,2},
    {0x045C,608,2},{0x045D,610,2},{0x045E,612,2},{0x0476,614,2},{0x0477,616,2},
    {0x04C1,618,2},{0x04C2,620,2},{0x04D0,622,2},{0x04D1,624,2},{0x04D2,626,2},
    {0x04D3,628,2},{0x04D6,630,2},{0x04D7,632,2},{0x04DA,634,2},{0x04DB,636,2},
    {0x04DC,638,2},{0x04DD,640,2},{0x04DE,642,2},{0x04DF,644,2},{0x04E2,646,2},
    {0x04E3,648,2},{0x04E4,650,2},{0x04E5,652,2},{0x04E6,654,2},{0x04E7,656,2},
    {0x04EA,658,2},{0x04EB,660,2},{0x04EC,662,2},{0x04ED,664,2},{0x04EE,666,2},
    {0x04EF,668,2},{0x04F0,670,2},{0x04F1,672,2},{0x04F2,674,2},{0x04F3,676,2},
    {0x04F4,678,2},{0x04F5,680,2},{0x04F8,682,2},{0x04F9,684,2},{0x0622,686,2},
    {0x0623,688,2},{0x0624,690,2},{0x0625,692,2},{0x0626,694,2},{0x06C0,696,2},
    {0x06C2,698,2},{0x06D3,700,2},{0x0929,702,2},{0x0931,704,2},{0x0934,706,2},
    {0x0958,708,2},{0x0959,710,2},{0x095A,712,2},{0x095B,714,2},{0x095C,716,2},
    {0x095D,718,2},{0x095E,720,2},{0x095F,722,2},{0x09CB,724,2},{0x09CC,726,2},
    {0x09DC,728,2},{0x09DD,730,2},{0x09DF,732,2},{0x0A33,734,2},{0x0A36,736,2},
    {0x0A59,738,2},{0x0A5A,740,2},{0x0A5B,742,2},{0x0A5E,744,2},{0x0B48,746,2},
    {0x0B4B,748,2},{0x0B4C,750,2},{0x0B5C,752,2},{0x0B5D,754,2},{0x0B94,756,2},
    {0x0BCA,758,2},{0x0BCB,760,2},{0x0BCC,762,2},{0x0C48,764,2},{0x0CC0,766,2},
    {0x0CC7,768,2},{0x0CC8,770,2},{0x0CCA,772,2},{0x0CCB,774,3},{0x0D4A,777,2},
    {0x0D4B,779,2},{0x0D4C,781,2},{0x0DDA,783,2},{0x0DDC,785,2},{0x0DDD,787,3},
    {0x0DDE,790,2},{0x0F43,792,2},{0x0F4D,794,2},{0x0F52,796,2},{0x0F57,798,2},
    {0x0F5C,800,2},{0x0F69,802,2},{0x0F73,804,2},{0x0F75,806,2},{0x0F76,808,2},
    {0x0F78,810,2},{0x0F81,812,2},{0x0F93,814,2},{0x0F9D,816,2},{0x0FA2,818,2},
    {0x0FA7,820,2},{0x0FAC,822,2},{0x0FB9,824,2},{0x1026,826,2},{0x1B06,828,2},
    {0x1B08,830,2},{0x1B0A,832,2},{0x1B0C,834,2},{0x1B0E,836,2},{0x1B12,838,2},
    {0x1B3B,840,2},{0x1B3D,842,2},{0x1B40,844,2},{0x1B41,846,2},{0x1B43,848,2},
    {0x1E00,850,2},{0x1E01,852,2},{0x1E02,854,2},{0x1E03,856,2},{0x1E04,858,2},
    {0x1E05,860,2},{0x1E06,862,2},{0x1E07,864,2},{0x1E08,866,3},{0x1E09,869,3},
    {0x1E0A,872,2},{0x1E0B,874,2},{0x1E0C,876,2},{0x1E0D,878,2},{0x1E0E,880,2},
    {0x1E0F,882,2},{0x1E10,884,2},{0x1E11,886,2},{0x1E12,888,2},{0x1E13,890,2},
    {0x1E14,892,3},{0x1E15,895,3},{0x1E16,898,3},{0x1E17,901,3},{0x1E18,904,2},
    {0x1E19,906,2},{0x1E1A,908,2},{0x1E1B,910,2},{0x1E1C,912,3},{0x1E1D,915,3},
    {0x1E1E,918,2},{0x1E1F,920,2},{0x1E20,922,2},{0x1E21,924,2},{0x1E22,926,2},
    {0x1E23,928,2},{0x1E24,930,2},{0x1E25,932,2},{0x1E26,934,2},{0x1E27,936,2},
    {0x1E28,938,2},{0x1E29,940,2},{0x1E2A,942,2},{0x1E2B,944,2},{0x1E2C,946,2},
    {0x1E2D,948,2},{0x1E2E,950,3},{0x1E2F,953,3},{0x1E30,956,2},{0x1E31,958,2},
    {0x1E32,960,2},{0x1E33,962,2},{0x1E34,964,2},{0x1E35,966,2},{0x1E36,968,2},
    {0x1E37,970,2},{0x1E38,972,3},{0x1E39,975,3},{0x1E3A,978,2},{0x1E3B,980,2},
    {0x1E3C,982,2},{0x1E3D,984,2},{0x1E3E,986,2},{0x1E3F,988,2},{0x1E40,990,2},
    {0x1E41,992,2},{0x1E42,994,2},{0x1E43,996,2},{0x1E44,998,2},{0x1E45,1000,2},
    {0x1E46,1002,2},{0x1E47,1004,2},{0x1E48,1006,2},{0x1E49,1008,2},{0x1E4A,1010,2},
    {0x1E4B,1012,2},{0x1E4C,1014,3},{0x1E4D,1017,3},{0x1E4E,1020,3},{0x1E4F,1023,3},
    {0x1E50,1026,3},{0x1E51,1029,3},{0x1E52,1032,3},{0x1E53,1035,3},{0x1E54,1038,2},
    {0x1E55,1040,2},{0x1E56,1042,2},{0x1E57,1044,2},{0x1E58,1046,2},{0x1E59,1048,2},
    {0x1E5A,1050,2},{0x1E5B,1052,2},{0x1E5C,1054,3},{0x1E5D,1057,3},{0x1E5E,1060,2},
    {0x1E5F,1062,2},{0x1E60,1064,2},{0x1E61,1066,2},{0x1E62,1068,2},{0x1E63,1070,2},
    {0x1E64,1072,3},{0x1E65,1075,3},{0x1E66,1078,3},{0x1E67,1081,3},{0x1E68,1084,3},
    {0x1E69,1087,3},{0x1E6A,1090,2},{0x1E6B,1092,2},{0x1E6C,1094,2},{0x1E6D,1096,2},
    {0x1E6E,1098,2},{0x1E6F,1100,2},{0x1E70,1102,2},{0x1E71,1104,2},{0x1E72,1106,2},
    {0x1E73,1108,2},{0x1E74,1110,2},{0x1E75,1112,2},{0x1E76,1114,2},{0x1E77,1116,2},
    {0x1E78,1118,3},{0x1E79,1121,3},{0x1E7A,1124,3},{0x1E7B,1127,3},{0x1E7C,1130,2},
    {0x1E7D,1132,2},{0x1E7E,1134,2},{0x1E7F,1136,2},{0x1E80,1138,2},{0x1E81,1140,2},
    {0x1E82,1142,2},{0x1E83,1144,2},{0x1E84,1146,2},{0x1E85,1148,2},{0x1E86,1150,2},
    {0x1E87,1152,2},{0x1E88,1154,2},{0x1E89,1156,2},{0x1E8A,1158,2},{0x1E8B,1160,2},
    {0x1E8C,1162,2},{0x1E8D,1164,2},{0x1E8E,1166,2},{0x1E8F,1168,2},{0x1E90,1170,2},
    {0x1E91,1172,2},{0x1E92,1174,2},{0x1E93,1176,2},{0x1E94,1178,2},{0x1E95,1180,2},
    {0x1E96,1182,2},{0x1E97,1184,2},{0x1E98,1186,2},{0x1E99,1188,2},{0x1E9B,1190,2},
    {0x1EA0,1192,2},{0x1EA1,1194,2},{0x1EA2,1196,2},{0x1EA3,1198,2},{0x1EA4,1200,3},
    {0x1EA5,1203,3},{0x1EA6,1206,3},{0x1EA7,1209,3},{0x1EA8,1212,3},{0x1EA9,1215,3},
    {0x1EAA,1218,3},{0x1EAB,1221,3},{0x1EAC,1224,3},{0x1EAD,1227,3},{0x1EAE,1230,3},
    {0x1EAF,1233,3},{0x1EB0,1236,3},{0x1EB1,1239,3},{0x1EB2,1242,3},{0x1EB3,1245,3},
    {0x1EB4,1248,3},{0x1EB5,1251,3},{0x1EB6,1254,3},{0x1EB7,1257,3},{0x1EB8,1260,2},
    {0x1EB9,1262,2},{0x1EBA,1264,2},{0x1EBB,1266,2},{0x1EBC,1268,2},{0x1EBD,1270,2},
    {0x1EBE,1272,3},{0x1EBF,1275,3},{0x1EC0,1278,3},{0x1EC1,1281,3},{0x1EC2,1284,3},
    {0x1EC3,1287,3},{0x1EC4,1290,3},{0x1EC5,1293,3},{0x1EC6,1296,3},{0x1EC7,1299,3},
    {0x1EC8,1302,2},{0x1EC9,1304,2},{0x1ECA,1306,2},{0x1ECB,1308,2},{0x1ECC,1310,2},
    {0x1ECD,1312,2},{0x1ECE,1314,2},{0x1ECF,1316,2},{0x1ED0,1318,3},{0x1ED1,1321,3},
    {0x1ED2,1324,3},{0x1ED3,1327,3},{0x1ED4,1330,3},{0x1ED5,1333,3},{0x1ED6,1336,3},
    {0x1ED7,1339,3},{0x1ED8,1342,3},{0x1ED9,1345,3},{0x1EDA,1348,3},{0x1EDB,1351,3},
    {0x1EDC,1354,3},{0x1EDD,1357,3},{0x1EDE,1360,3},{0x1EDF,1363,3},{0x1EE0,1366,3},
    {0x1EE1,1369,3},{0x1EE2,1372,3},{0x1EE3,1375,3},{0x1EE4,1378,2},{0x1EE5,1380,2},
    {0x1EE6,1382,2},{0x1EE7,1384,2},{0x1EE8,1386,3},{0x1EE9,1389,3},{0x1EEA,1392,3},
    {0x1EEB,1395,3},{0x1EEC,1398,3},{0x1EED,1401,3},{0x1EEE,1404,3},{0x1EEF,1407,3},
    {0x1EF0,1410,3},{0x1EF1,1413,3},{0x1EF2,1416,2},{0x1EF3,1418,2},{0x1EF4,1420,2},
    {0x1EF5,1422,2},{0x1EF6,1424,2},{0x1EF7,1426,2},{0x1EF8,1428,2},{0x1EF9,1430,2},
    {0x1F00,1432,2},{0x1F01,1434,2},{0x1F02,1436,3},{0x1F03,1439,3},{0x1F04,1442,3},
    {0x1F05,1445,3},{0x1F06,1448,3},{0x1F07,1451,3},{0x1F08,1454,2},{0x1F09,1456,2},
    {0x1F0A,1458,3},{0x1F0B,1461,3},{0x1F0C,1464,3},{0x1F0D,1467,3},{0x1F0E,1470,3},
    {0x1F0F,1473,3},{0x1F10,1476,2},{0x1F11,1478,2},{0x1F12,1480,3},{0x1F13,1483,3},
    {0x1F14,1486,3},{0x1F15,1489,3},{0x1F18,1492,2},{0x1F19,1494,2},{0x1F1A,1496,3},
    {0x1F1B,1499,3},{0x1F1C,1502,3},{0x1F1D,1505,3},{0x1F20,1508,2},{0x1F21,1510,2},
    {0x1F22,1512,3},{0x1F23,1515,3},{0x1F24,1518,3},{0x1F25,1521,3},{0x1F26,1524,3},
    {0x1F27,1527,3},{0x1F28,1530,2},{0x1F29,1532,2},{0x1F2A,1534,3},{0x1F2B,1537,3},
    {0x1F2C,1540,3},{0x1F2D,1543,3},{0x1F2E,1546,3},{0x1F2F,1549,3},{0x1F30,1552,2},
    {0x1F31,1554,2},{0x1F32,1556,3},{0x1F33,1559,3},{0x1F34,1562,3},{0x1F35,1565,3},
    {0x1F36,1568,3},{0x1F37,1571,3},{0x1F38,1574,2},{0x1F39,1576,2},{0x1F3A,1578,3},
    {0x1F3B,1581,3},{0x1F3C,1584,3},{0x1F3D,1587,3},{0x1F3E,1590,3},{0x1F3F,1593,3},
    {0x1F40,1596,2},{0x1F41,1598,2},{0x1F42,1600,3},{0x1F43,1603,3},{0x1F44,1606,3},
    {0x1F45,1609,3},{0x1F48,1612,2},{0x1F49,1614,2},{0x1F4A,1616,3},{0x1F4B,1619,3},
    {0x1F4C,1622,3},{0x1F4D,1625,3},{0x1F50,1628,2},{0x1F51,1630,2},{0x1F52,1632,3},
    {0x1F53,1635,3},{0x1F54,1638,3},{0x1F55,1641,3},{0x1F56,1644,3},{0x1F57,1647,3},
    {0x1F59,1650,2},{0x1F5B,1652,3},{0x1F5D,1655,3},{0x1F5F,1658,3},{0x1F60,1661,2},
    {0x1F61,1663,2},{0x1F62,1665,3},{0x1F63,1668,3},{0x1F64,1671,3},{0x1F65,1674,3},
    {0x1F66,1677,3},{0x1F67,1680,3},{0x1F68,1683,2},{0x1F69,1685,2},{0x1F6A,1687,3},
    {0x1F6B,1690,3},{0x1F6C,1693,3},{0x1F6D,1696,3},{0x1F6E,1699,3},{0x1F6F,1702,3},
    {0x1F70,1705,2},{0x1F71,1707,2},{0x1F72,1709,2},{0x1F73,1711,2},{0x1F74,1713,2},
    {0x1F75,1715,2},{0x1F76,1717,2},{0x1F77,1719,2},{0x1F78,1721,2},{0x1F79,1723,2},
    {0x1F7A,1725,2},{0x1F7B,1727,2},{0x1F7C,1729,2},{0x1F7D,1731,2},{0x1F80,1733,3},
    {0x1F81,1736,3},{0x1F82,1739,4},{0x1F83,1743,4},{0x1F84,1747,4},{0x1F85,1751,4},
    {0x1F86,1755,4},{0x1F87,1759,4},{0x1F88,1763,3},{0x1F89,1766,3},{0x1F8A,1769,4},
    {0x1F8B,1773,4},{0x1F8C,1777,4},{0x1F8D,1781,4},{0x1F8E,1785,4},{0x1F8F,1789,4},
    {0x1F90,1793,3},{0x1F91,1796,3},{0x1F92,1799,4},{0x1F93,1803,4},{0x1F94,1807,4},
    {0x1F95,1811,4},{0x1F96,1815,4},{0x1F97,1819,4},{0x1F98,1823,3},{0x1F99,1826,3},
    {0x1F9A,1829,4},{0x1F9B,1833,4},{0x1F9C,1837,4},{0x1F9D,1841,4},{0x1F9E,1845,4},
    {0x1F9F,1849,4},{0x1FA0,1853,3},{0x1FA1,1856,3},{0x1FA2,1859,4},{0x1FA3,1863,4},
    {0x1FA4,1867,4},{0x1FA5,1871,4},{0x1FA6,1875,4},{0x1FA7,1879,4},{0x1FA8,1883,3},
    {0x1FA9,1886,3},{0x1FAA,1889,4},{0x1FAB,1893,4},{0x1FAC,1897,4},{0x1FAD,1901,4},
    {0x1FAE,1905,4},{0x1FAF,1909,4},{0x1FB0,1913,2},{0x1FB1,1915,2},{0x1FB2,1917,3},
    {0x1FB3,1920,2},{0x1FB4,1922,3},{0x1FB6,1925,2},{0x1FB7,1927,3},{0x1FB8,1930,2},
    {0x1FB9,1932,2},{0x1FBA,1934,2},{0x1FBB,1936,2},{0x1FBC,1938,2},{0x1FBE,1940,1},
    {0x1FC1,1941,2},{0x1FC2,1943,3},{0x1FC3,1946,2},{0x1FC4,1948,3},{0x1FC6,1951,2},
    {0x1FC7,1953,3},{0x1FC8,1956,2},{0x1FC9,1958,2},{0x1FCA,1960,2},{0x1FCB,1962,2},
    {0x1FCC,1964,2},{0x1FCD,1966,2},{0x1FCE,1968,2},{0x1FCF,1970,2},{0x1FD0,1972,2},
    {0x1FD1,1974,2},{0x1FD2,1976,3},{0x1FD3,1979,3},{0x1FD6,1982,2},{0x1FD7,1984,3},
    {0x1FD8,1987,2},{0x1FD9,1989,2},{0x1FDA,1991,2},{0x1FDB,1993,2},{0x1FDD,1995,2},
    {0x1FDE,1997,2},{0x1FDF,1999,2},{0x1FE0,2001,2},{0x1FE1,2003,2},{0x1FE2,2005,3},
    {0x1FE3,2008,3},{0x1FE4,2011,2},{0x1FE5,2013,2},{0x1FE6,2015,2},{0x1FE7,2017,3},
    {0x1FE8,2020,2},{0x1FE9,2022,2},{0x1FEA,2024,2},{0x1FEB,2026,2},{0x1FEC,2028,2},
    {0x1FED,2030,2},{0x1FEE,2032,2},{0x1FEF,2034,1},{0x1FF2,2035,3},{0x1FF3,2038,2},
    {0x1FF4,2040,3},{0x1FF6,2043,2},{0x1FF7,2045,3},{0x1FF8,2048,2},{0x1FF9,2050,2},
    {0x1FFA,2052,2},{0x1FFB,2054,2},{0x1FFC,2056,2},{0x1FFD,2058,1},{0x2000,2059,1},
    {0x2001,2060,1},{0x2126,2061,1},{0x212A,2062,1},{0x212B,2063,2},{0x219A,2065,2},
    {0x219B,2067,2},{0x21AE,2069,2},{0x21CD,2071,2},{0x21CE,2073,2},{0x21CF,2075,2},
    {0x2204,2077,2},{0x2209,2079,2},{0x220C,2081,2},{0x2224,2083,2},{0x2226,2085,2},
    {0x2241,2087,2},{0x2244,2089,2},{0x2247,2091,2},{0x2249,2093,2},{0x2260,2095,2},
    {0x2262,2097,2},{0x226D,2099,2},{0x226E,2101,2},{0x226F,2103,2},{0x2270,2105,2},
    {0x2271,2107,2},{0x2274,2109,2},{0x2275,2111,2},{0x2278,2113,2},{0x2279,2115,2},
    {0x2280,2117,2},{0x2281,2119,2},{0x2284,2121,2},{0x2285,2123,2},{0x2288,2125,2},
    {0x2289,2127,2},{0x22AC,2129,2},{0x22AD,2131,2},{0x22AE,2133,2},{0x22AF,2135,2},
    {0x22E0,2137,2},{0x22E1,2139,2},{0x22E2,2141,2},{0x22E3,2143,2},{0x22EA,2145,2},
    {0x22EB,2147,2},{0x22EC,2149,2},{0x22ED,2151,2},{0x2329,2153,1},{0x232A,2154,1},
    {0x2ADC,2155,2},{0x304C,2157,2},{0x304E,2159,2},{0x3050,2161,2},{0x3052,2163,2},
    {0x3054,2165,2},{0x3056,2167,2},{0x3058,2169,2},{0x305A,2171,2},{0x305C,2173,2},
    {0x305E,2175,2},{0x3060,2177,2},{0x3062,2179,2},{0x3065,2181,2},{0x3067,2183,2},
    {0x3069,2185,2},{0x3070,2187,2},{0x3071,2189,2},{0x3073,2191,2},{0x3074,2193,2},
    {0x3076,2195,2},{0x3077,2197,2},{0x3079,2199,2},{0x307A,2201,2},{0x307C,2203,2},
    {0x307D,2205,2},{0x3094,2207,2},{0x309E,2209,2},{0x30AC,2211,2},{0x30AE,2213,2},
    {0x30B0,2215,2},{0x30B2,2217,2},{0x30B4,2219,2},{0x30B6,2221,2},{0x30B8,2223,2},
    {0x30BA,2225,2},{0x30BC,2227,2},{0x30BE,2229,2},{0x30C0,2231,2},{0x30C2,2233,2},
    {0x30C5,2235,2},{0x30C7,2237,2},{0x30C9,2239,2},{0x30D0,2241,2},{0x30D1,2243,2},
    {0x30D3,2245,2},{0x30D4,2247,2},{0x30D6,2249,2},{0x30D7,2251,2},{0x30D9,2253,2},
    {0x30DA,2255,2},{0x30DC,2257,2},{0x30DD,2259,2},{0x30F4,2261,2},{0x30F7,2263,2},
    {0x30F8,2265,2},{0x30F9,2267,2},{0x30FA,2269,2},{0x30FE,2271,2},{0xF900,2273,1},
    {0xF901,2274,1},{0xF902,2275,1},{0xF903,2276,1},{0xF904,2277,1},{0xF905,2278,1},
    {0xF906,2279,1},{0xF907,2280,1},{0xF908,2281,1},{0xF909,2282,1},{0xF90A,2283,1},
    {0xF90B,2284,1},{0xF90C,2285,1},{0xF90D,2286,1},{0xF90E,2287,1},{0xF90F,2288,1},
    {0xF910,2289,1},{0xF911,2290,1},{0xF912,2291,1},{0xF913,2292,1},{0xF914,2293,1},
    {0xF915,2294,1},{0xF916,2295,1},{0xF917,2296,1},{0xF918,2297,1},{0xF919,2298,1},
    {0xF91A,2299,1},{0xF91B,2300,1},{0xF91C,2301,1},{0xF91D,2302,1},{0xF91E,2303,1},
    {0xF91F,2304,1},{0xF920,2305,1},{0xF921,2306,1},{0xF922,2307,1},{0xF923,2308,1},
    {0xF924,2309,1},{0xF925,2310,1},{0xF926,2311,1},{0xF927,2312,1},{0xF928,2313,1},
    {0xF929,2314,1},{0xF92A,2315,1},{0xF92B,2316,1},{0xF92C,2317,1},{0xF92D,2318,1},
    {0xF92E,2319,1},{0xF92F,2320,1},{0xF930,2321,1},{0xF931,2322,1},{0xF932,2323,1},
    {0xF933,2324,1},{0xF934,2325,1},{0xF935,2326,1},{0xF936,2327,1},{0xF937,2328,1},
    {0xF938,2329,1},{0xF939,2330,1},{0xF93A,2331,1},{0xF93B,2332,1},{0xF93C,2333,1},
    {0xF93D,2334,1},{0xF93E,2335,1},{0xF93F,2336,1},{0xF940,2337,1},{0xF941,2338,1},
    {0xF942,2339,1},{0xF943,2340,1},{0xF944,2341,1},{0xF945,2342,1},{0xF946,2343,1},
    {0xF947,2344,1},{0xF948,2345,1},{0xF949,2346,1},{0xF94A,2347,1},{0xF94B,2348,1},
    {0xF94C,2349,1},{0xF94D,2350,1},{0xF94E,2351,1},{0xF94F,2352,1},{0xF950,2353,1},
    {0xF951,2354,1},{0xF952,2355,1},{0xF953,2356,1},{0xF954,2357,1},{0xF955,2358,1},
    {0xF956,2359,1},{0xF957,2360,1},{0xF958,2361,1},{0xF959,2362,1},{0xF95A,2363,1},
    {0xF95B,2364,1},{0xF95C,2365,1},{0xF95D,2366,1},{0xF95E,2367,1},{0xF95F,2368,1},
    {0xF960,2369,1},{0xF961,2370,1},{0xF962,2371,1},{0xF963,2372,1},{0xF964,2373,1},
    {0xF965,2374,1},{0xF966,2375,1},{0xF967,2376,1},{0xF968,2377,1},{0xF969,2378,1},
    {0xF96A,2379,1},{0xF96B,2380,1},{0xF96C,2381,1},{0xF96D,2382,1},{0xF96E,2383,1},
    {0xF96F,2384,1},{0xF970,2385,1},{0xF971,2386,1},{0xF972,2387,1},{0xF973,2388,1},
    {0xF974,2389,1},{0xF975,2390,1},{0xF976,2391,1},{0xF977,2392,1},{0xF978,2393,1},
    {0xF979,2394,1},{0xF97A,2395,1},{0xF97B,2396,1},{0xF97C,2397,1},{0xF97D,2398,1},
    {0xF97E,2399,1},{0xF97F,2400,1},{0xF980,2401,1},{0xF981,2402,1},{0xF982,2403,1},
    {0xF983,2404,1},{0xF984,2405,1},{0xF985,2406,1},{0xF986,2407,1},{0xF987,2408,1},
    {0xF988,2409,1},{0xF989,2410,1},{0xF98A,2411,1},{0xF98B,2412,1},{0xF98C,2413,1},
    {0xF98D,2414,1},{0xF98E,2415,1},{0xF98F,2416,1},{0xF990,2417,1},{0xF991,2418,1},
    {0xF992,2419,1},{0xF993,2420,1},{0xF994,2421,1},{0xF995,2422,1},{0xF996,2423,1},
    {0xF997,2424,1},{0xF998,2425,1},{0xF999,2426,1},{0xF99A,2427,1},{0xF99B,2428,1},
    {0xF99C,2429,1},{0xF99D,2430,1},{0xF99E,2431,1},{0xF99F,2432,1},{0xF9A0,2433,1},
    {0xF9A1,2434,1},{0xF9A2,2435,1},{0xF9A3,2436,1},{0xF9A4,2437,1},{0xF9A5,2438,1},
    {0xF9A6,2439,1},{0xF9A7,2440,1},{0xF9A8,2441,1},{0xF9A9,2442,1},{0xF9AA,2443,1},
    {0xF9AB,2444,1},{0xF9AC,2445,1},{0xF9AD,2446,1},{0xF9AE,2447,1},{0xF9AF,2448,1},
    {0xF9B0,2449,1},{0xF9B1,2450,1},{0xF9B2,2451,1},{0xF9B3,2452,1},{0xF9B4,2453,1},
    {0xF9B5,2454,1},{0xF9B6,2455,1},{0xF9B7,2456,1},{0xF9B8,2457,1},{0xF9B9,2458,1},
    {0xF9BA,2459,1},{0xF9BB,2460,1},{0xF9BC,2461,1},{0xF9BD,2462,1},{0xF9BE,2463,1},
    {0xF9BF,2464,1},{0xF9C0,2465,1},{0xF9C1,2466,1},{0xF9C2,2467,1},{0xF9C3,2468,1},
    {0xF9C4,2469,1},{0xF9C5,2470,1},{0xF9C6,2471,1},{0xF9C7,2472,1},{0xF9C8,2473,1},
    {0xF9C9,2474,1},{0xF9CA,2475,1},{0xF9CB,2476,1},{0xF9CC,2477,1},{0xF9CD,2478,1},
    {0xF9CE,2479,1},{0xF9CF,2480,1},{0xF9D0,2481,1},{0xF9D1,2482,1},{0xF9D2,2483,1},
    {0xF9D3,2484,1},{0xF9D4,2485,1},{0xF9D5,2486,1},{0xF9D6,2487,1},{0xF9D7,2488,1},
    {0xF9D8,2489,1},{0xF9D9,2490,1},{0xF9DA,2491,1},{0xF9DB,2492,1},{0xF9DC,2493,1},
    {0xF9DD,2494,1},{0xF9DE,2495,1},{0xF9DF,2496,1},{0xF9E0,2497,1},{0xF9E1,2498,1},
    {0xF9E2,2499,1},{0xF9E3,2500,1},{0xF9E4,2501,1},{0xF9E5,2502,1},{0xF9E6,2503,1},
    {0xF9E7,2504,1},{0xF9E8,2505,1},{0xF9E9,2506,1},{0xF9EA,2507,1},{0xF9EB,2508,1},
    {0xF9EC,2509,1},{0xF9ED,2510,1},{0xF9EE,2511,1},{0xF9EF,2512,1},{0xF9F0,2513,1},
    {0xF9F1,2514,1},{0xF9F2,2515,1},{0xF9F3,2516,1},{0xF9F4,2517,1},{0xF9F5,2518,1},
    {0xF9F6,2519,1},{0xF9F7,2520,1},{0xF9F8,2521,1},{0xF9F9,2522,1},{0xF9FA,2523,1},
    {0xF9FB,2524,1},{0xF9FC,2525,1},{0xF9FD,2526,1},{0xF9FE,2527,1},{0xF9FF,2528,1},
    {0xFA00,2529,1},{0xFA01,2530,1},{0xFA02,2531,1},{0xFA03,2532,1},{0xFA04,2533,1},
    {0xFA05,2534,1},{0xFA06,2535,1},{0xFA07,2536,1},{0xFA08,2537,1},{0xFA09,2538,1},
    {0xFA0A,2539,1},{0xFA0B,2540,1},{0xFA0C,2541,1},{0xFA0D,2542,1},{0xFA10,2543,1},
    {0xFA12,2544,1},{0xFA15,2545,1},{0xFA16,2546,1},{0xFA17,2547,1},{0xFA18,2548,1},
    {0xFA19,2549,1},{0xFA1A,2550,1},{0xFA1B,2551,1},{0xFA1C,2552,1},{0xFA1D,2553,1},
    {0xFA1E,2554,1},{0xFA20,2555,1},{0xFA22,2556,1},{0xFA25,2557,1},{0xFA26,2558,1},
    {0xFA2A,2559,1},{0xFA2B,2560,1},{0xFA2C,2561,1},{0xFA2D,2562,1},{0xFA2E,2563,1},
    {0xFA2F,2564,1},{0xFA30,2565,1},{0xFA31,2566,1},{0xFA32,2567,1},{0xFA33,2568,1},
    {0xFA34,2569,1},{0xFA35,2570,1},{0xFA36,2571,1},{0xFA37,2572,1},{0xFA38,2573,1},
    {0xFA39,2574,1},{0xFA3A,2575,1},{0xFA3B,2576,1},{0xFA3C,2577,1},{0xFA3D,2578,1},
    {0xFA3E,2579,1},{0xFA3F,2580,1},{0xFA40,2581,1},{0xFA41,2582,1},{0xFA42,2583,1},
    {0xFA43,2584,1},{0xFA44,2585,1},{0xFA45,2586,1},{0xFA46,2587,1},{0xFA47,2588,1},
    {0xFA48,2589,1},{0xFA49,2590,1},{0xFA4A,2591,1},{0xFA4B,2592,1},{0xFA4C,2593,1},
    {0xFA4D,2594,1},{0xFA4E,2595,1},{0xFA4F,2596,1},{0xFA50,2597,1},{0xFA51,2598,1},
    {0xFA52,2599,1},{0xFA53,2600,1},{0xFA54,2601,1},{0xFA55,2602,1},{0xFA56,2603,1},
    {0xFA57,2604,1},{0xFA58,2605,1},{0xFA59,2606,1},{0xFA5A,2607,1},{0xFA5B,2608,1},
    {0xFA5C,2609,1},{0xFA5D,2610,1},{0xFA5E,2611,1},{0xFA5F,2612,1},{0xFA60,2613,1},
    {0xFA61,2614,1},{0xFA62,2615,1},{0xFA63,2616,1},{0xFA64,2617,1},{0xFA65,2618,1},
    {0xFA66,2619,1},{0xFA67,2620,1},{0xFA68,2621,1},{0xFA69,2622,1},{0xFA6A,2623,1},
    {0xFA6B,2624,1},{0xFA6C,2625,1},{0xFA6D,2626,1},{0xFA70,2627,1},{0xFA71,2628,1},
    {0xFA72,2629,1},{0xFA73,2630,1},{0xFA74,2631,1},{0xFA75,2632,1},{0xFA76,2633,1},
    {0xFA77,2634,1},{0xFA78,2635,1},{0xFA79,2636,1},{0xFA7A,2637,1},{0xFA7B,2638,1},
    {0xFA7C,2639,1},{0xFA7D,2640,1},{0xFA7E,2641,1},{0xFA7F,2642,1},{0xFA80,2643,1},
    {0xFA81,2644,1},{0xFA82,2645,1},{0xFA83,2646,1},{0xFA84,2647,1},{0xFA85,2648,1},
    {0xFA86,2649,1},{0xFA87,2650,1},{0xFA88,2651,1},{0xFA89,2652,1},{0xFA8A,2653,1},
    {0xFA8B,2654,1},{0xFA8C,2655,1},{0xFA8D,2656,1},{0xFA8E,2657,1},{0xFA8F,2658,1},
    {0xFA90,2659,1},{0xFA91,2660,1},{0xFA92,2661,1},{0xFA93,2662,1},{0xFA94,2663,1},
    {0xFA95,2664,1},{0xFA96,2665,1},{0xFA97,2666,1},{0xFA98,2667,1},{0xFA99,2668,1},
    {0xFA9A,2669,1},{0xFA9B,2670,1},{0xFA9C,2671,1},{0xFA9D,2672,1},{0xFA9E,2673,1},
    {0xFA9F,2674,1},{0xFAA0,2675,1},{0xFAA1,2676,1},{0xFAA2,2677,1},{0xFAA3,2678,1},
    {0xFAA4,2679,1},{0xFAA5,2680,1},{0xFAA6,2681,1},{0xFAA7,2682,1},{0xFAA8,2683,1},
    {0xFAA9,2684,1},{0xFAAA,2685,1},{0xFAAB,2686,1},{0xFAAC,2687,1},{0xFAAD,2688,1},
    {0xFAAE,2689,1},{0xFAAF,2690,1},{0xFAB0,2691,1},{0xFAB1,2692,1},{0xFAB2,2693,1},
    {0xFAB3,2694,1},{0xFAB4,2695,1},{0xFAB5,2696,1},{0xFAB6,2697,1},{0xFAB7,2698,1},
    {0xFAB8,2699,1},{0xFAB9,2700,1},{0xFABA,2701,1},{0xFABB,2702,1},{0xFABC,2703,1},
    {0xFABD,2704,1},{0xFABE,2705,1},{0xFABF,2706,1},{0xFAC0,2707,1},{0xFAC1,2708,1},
    {0xFAC2,2709,1},{0xFAC3,2710,1},{0xFAC4,2711,1},{0xFAC5,2712,1},{0xFAC6,2713,1},
    {0xFAC7,2714,1},{0xFAC8,2715,1},{0xFAC9,2716,1},{0xFACA,2717,1},{0xFACB,2718,1},
    {0xFACC,2719,1},{0xFACD,2720,1},{0xFACE,2721,1},{0xFACF,2722,1},{0xFAD0,2723,1},
    {0xFAD1,2724,1},{0xFAD2,2725,1},{0xFAD3,2726,1},{0xFAD4,2727,1},{0xFAD5,2728,1},
    {0xFAD6,2729,1},{0xFAD7,2730,1},{0xFAD8,2731,1},{0xFAD9,2732,1},{0xFB1D,2733,2},
    {0xFB1F,2735,2},{0xFB2A,2737,2},{0xFB2B,2739,2},{0xFB2C,2741,3},{0xFB2D,2744,3},
    {0xFB2E,2747,2},{0xFB2F,2749,2},{0xFB30,2751,2},{0xFB31,2753,2},{0xFB32,2755,2},
    {0xFB33,2757,2},{0xFB34,2759,2},{0xFB35,2761,2},{0xFB36,2763,2},{0xFB38,2765,2},
    {0xFB39,2767,2},{0xFB3A,2769,2},{0xFB3B,2771,2},{0xFB3C,2773,2},{0xFB3E,2775,2},
    {0xFB40,2777,2},{0xFB41,2779,2},{0xFB43,2781,2},{0xFB44,2783,2},{0xFB46,2785,2},
    {0xFB47,2787,2},{0xFB48,2789,2},{0xFB49,2791,2},{0xFB4A,2793,2},{0xFB4B,2795,2},
    {0xFB4C,2797,2},{0xFB4D,2799,2},{0xFB4E,2801,2},{0x105C9,2803,2},{0x105E4,2805,2},
    {0x1109A,2807,2},{0x1109C,2809,2},{0x110AB,2811,2},{0x1112E,2813,2},{0x1112F,2815,2},
    {0x1134B,2817,2},{0x1134C,2819,2},{0x11383,2821,2},{0x11385,2823,2},{0x1138E,2825,2},
    {0x11391,2827,2},{0x113C5,2829,2},{0x113C7,2831,2},{0x113C8,2833,2},{0x114BB,2835,2},
    {0x114BC,2837,2},{0x114BE,2839,2},{0x115BA,2841,2},{0x115BB,2843,2},{0x11938,2845,2},
    {0x16121,2847,2},{0x16122,2849,2},{0x16123,2851,2},{0x16124,2853,2},{0x16125,2855,2},
    {0x16126,2857,3},{0x16127,2860,3},{0x16128,2863,3},{0x16D68,2866,2},{0x16D69,2868,2},
    {0x16D6A,2870,3},{0x1D15E,2873,2},{0x1D15F,2875,2},{0x1D160,2877,3},{0x1D161,2880,3},
    {0x1D162,2883,3},{0x1D163,2886,3},{0x1D164,2889,3},{0x1D1BB,2892,2},{0x1D1BC,2894,2},
    {0x1D1BD,2896,3},{0x1D1BE,2899,3},{0x1D1BF,2902,3},{0x1D1C0,2905,3},{0x2F800,2908,1},
    {0x2F801,2909,1},{0x2F802,2910,1},{0x2F803,2911,1},{0x2F804,2912,1},{0x2F805,2913,1},
    {0x2F806,2914,1},{0x2F807,2915,1},{0x2F808,2916,1},{0x2F809,2917,1},{0x2F80A,2918,1},
    {0x2F80B,2919,1},{0x2F80C,2920,1},{0x2F80D,2921,1},{0x2F80E,2922,1},{0x2F80F,2923,1},
    {0x2F810,2924,1},{0x2F811,2925,1},{0x2F812,2926,1},{0x2F813,2927,1},{0x2F814,2928,1},
    {0x2F815,2929,1},{0x2F816,2930,1},{0x2F817,2931,1},{0x2F818,2932,1},{0x2F819,2933,1},
    {0x2F81A,2934,1},{0x2F81B,2935,1},{0x2F81C,2936,1},{0x2F81D,2937,1},{0x2F81E,2938,1},
    {0x2F81F,2939,1},{0x2F820,2940,1},{0x2F821,2941,1},{0x2F822,2942,1},{0x2F823,2943,1},
    {0x2F824,2944,1},{0x2F825,2945,1},{0x2F826,2946,1},{0x2F827,2947,1},{0x2F828,2948,1},
    {0x2F829,2949,1},{0x2F82A,2950,1},{0x2F82B,2951,1},{0x2F82C,2952,1},{0x2F82D,2953,1},
    {0x2F82E,2954,1},{0x2F82F,2955,1},{0x2F830,2956,1},{0x2F831,2957,1},{0x2F832,2958,1},
    {0x2F833,2959,1},{0x2F834,2960,1},{0x2F835,2961,1},{0x2F836,2962,1},{0x2F837,2963,1},
    {0x2F838,2964,1},{0x2F839,2965,1},{0x2F83A,2966,1},{0x2F83B,2967,1},{0x2F83C,2968,1},
    {0x2F83D,2969,1},{0x2F83E,2970,1},{0x2F83F,2971,1},{0x2F840,2972,1},{0x2F841,2973,1},
    {0x2F842,2974,1},{0x2F843,2975,1},{0x2F844,2976,1},{0x2F845,2977,1},{0x2F846,2978,1},
    {0x2F847,2979,1},{0x2F848,2980,1},{0x2F849,2981,1},{0x2F84A,2982,1},{0x2F84B,2983,1},
    {0x2F84C,2984,1},{0x2F84D,2985,1},{0x2F84E,2986,1},{0x2F84F,2987,1},{0x2F850,2988,1},
    {0x2F851,2989,1},{0x2F852,2990,1},{0x2F853,2991,1},{0x2F854,2992,1},{0x2F855,2993,1},
    {0x2F856,2994,1},{0x2F857,2995,1},{0x2F858,2996,1},{0x2F859,2997,1},{0x2F85A,2998,1},
    {0x2F85B,2999,1},{0x2F85C,3000,1},{0x2F85D,3001,1},{0x2F85E,3002,1},{0x2F85F,3003,1},
    {0x2F860,3004,1},{0x2F861,3005,1},{0x2F862,3006,1},{0x2F863,3007,1},{0x2F864,3008,1},
    {0x2F865,3009,1},{0x2F866,3010,1},{0x2F867,3011,1},{0x2F868,3012,1},{0x2F869,3013,1},
    {0x2F86A,3014,1},{0x2F86B,3015,1},{0x2F86C,3016,1},{0x2F86D,3017,1},{0x2F86E,3018,1},
    {0x2F86F,3019,1},{0x2F870,3020,1},{0x2F871,3021,1},{0x2F872,3022,1},{0x2F873,3023,1},
    {0x2F874,3024,1},{0x2F875,3025,1},{0x2F876,3026,1},{0x2F877,3027,1},{0x2F878,3028,1},
    {0x2F879,3029,1},{0x2F87A,3030,1},{0x2F87B,3031,1},{0x2F87C,3032,1},{0x2F87D,3033,1},
    {0x2F87E,3034,1},{0x2F87F,3035,1},{0x2F880,3036,1},{0x2F881,3037,1},{0x2F882,3038,1},
    {0x2F883,3039,1},{0x2F884,3040,1},{0x2F885,3041,1},{0x2F886,3042,1},{0x2F887,3043,1},
    {0x2F888,3044,1},{0x2F889,3045,1},{0x2F88A,3046,1},{0x2F88B,3047,1},{0x2F88C,3048,1},
    {0x2F88D,3049,1},{0x2F88E,3050,1},{0x2F88F,3051,1},{0x2F890,3052,1},{0x2F891,3053,1},
    {0x2F892,3054,1},{0x2F893,3055,1},{0x2F894,3056,1},{0x2F895,3057,1},{0x2F896,3058,1},
    {0x2F897,3059,1},{0x2F898,3060,1},{0x2F899,3061,1},{0x2F89A,3062,1},{0x2F89B,3063,1},
    {0x2F89C,3064,1},{0x2F89D,3065,1},{0x2F89E,3066,1},{0x2F89F,3067,1},{0x2F8A0,3068,1},
    {0x2F8A1,3069,1},{0x2F8A2,3070,1},{0x2F8A3,3071,1},{0x2F8A4,3072,1},{0x2F8A5,3073,1},
    {0x2F8A6,3074,1},{0x2F8A7,3075,1},{0x2F8A8,3076,1},{0x2F8A9,3077,1},{0x2F8AA,3078,1},
    {0x2F8AB,3079,1},{0x2F8AC,3080,1},{0x2F8AD,3081,1},{0x2F8AE,3082,1},{0x2F8AF,3083,1},
    {0x2F8B0,3084,1},{0x2F8B1,3085,1},{0x2F8B2,3086,1},{0x2F8B3,3087,1},{0x2F8B4,3088,1},
    {0x2F8B5,3089,1},{0x2F8B6,3090,1},{0x2F8B7,3091,1},{0x2F8B8,3092,1},{0x2F8B9,3093,1},
    {0x2F8BA,3094,1},{0x2F8BB,3095,1},{0x2F8BC,3096,1},{0x2F8BD,3097,1},{0x2F8BE,3098,1},
    {0x2F8BF,3099,1},{0x2F8C0,3100,1},{0x2F8C1,3101,1},{0x2F8C2,3102,1},{0x2F8C3,3103,1},
    {0x2F8C4,3104,1},{0x2F8C5,3105,1},{0x2F8C6,3106,1},{0x2F8C7,3107,1},{0x2F8C8,3108,1},
    {0x2F8C9,3109,1},{0x2F8CA,3110,1},{0x2F8CB,3111,1},{0x2F8CC,3112,1},{0x2F8CD,3113,1},
    {0x2F8CE,3114,1},{0x2F8CF,3115,1},{0x2F8D0,3116,1},{0x2F8D1,3117,1},{0x2F8D2,3118,1},
    {0x2F8D3,3119,1},{0x2F8D4,3120,1},{0x2F8D5,3121,1},{0x2F8D6,3122,1},{0x2F8D7,3123,1},
    {0x2F8D8,3124,1},{0x2F8D9,3125,1},{0x2F8DA,3126,1},{0x2F8DB,3127,1},{0x2F8DC,3128,1},
    {0x2F8DD,3129,1},{0x2F8DE,3130,1},{0x2F8DF,3131,1},{0x2F8E0,3132,1},{0x2F8E1,3133,1},
    {0x2F8E2,3134,1},{0x2F8E3,3135,1},{0x2F8E4,3136,1},{0x2F8E5,3137,1},{0x2F8E6,3138,1},
    {0x2F8E7,3139,1},{0x2F8E8,3140,1},{0x2F8E9,3141,1},{0x2F8EA,3142,1},{0x2F8EB,3143,1},
    {0x2F8EC,3144,1},{0x2F8ED,3145,1},{0x2F8EE,3146,1},{0x2F8EF,3147,1},{0x2F8F0,3148,1},
    {0x2F8F1,3149,1},{0x2F8F2,3150,1},{0x2F8F3,3151,1},{0x2F8F4,3152,1},{0x2F8F5,3153,1},
    {0x2F8F6,3154,1},{0x2F8F7,3155,1},{0x2F8F8,3156,1},{0x2F8F9,3157,1},{0x2F8FA,3158,1},
    {0x2F8FB,3159,1},{0x2F8FC,3160,1},{0x2F8FD,3161,1},{0x2F8FE,3162,1},{0x2F8FF,3163,1},
    {0x2F900,3164,1},{0x2F901,3165,1},{0x2F902,3166,1},{0x2F903,3167,1},{0x2F904,3168,1},
    {0x2F905,3169,1},{0x2F906,3170,1},{0x2F907,3171,1},{0x2F908,3172,1},{0x2F909,3173,1},
    {0x2F90A,3174,1},{0x2F90B,3175,1},{0x2F90C,3176,1},{0x2F90D,3177,1},{0x2F90E,3178,1},
    {0x2F90F,3179,1},{0x2F910,3180,1},{0x2F911,3181,1},{0x2F912,3182,1},{0x2F913,3183,1},
    {0x2F914,3184,1},{0x2F915,3185,1},{0x2F916,3186,1},{0x2F917,3187,1},{0x2F918,3188,1},
    {0x2F919,3189,1},{0x2F91A,3190,1},{0x2F91B,3191,1},{0x2F91C,3192,1},{0x2F91D,3193,1},
    {0x2F91E,3194,1},{0x2F91F,3195,1},{0x2F920,3196,1},{0x2F921,3197,1},{0x2F922,3198,1},
    {0x2F923,3199,1},{0x2F924,3200,1},{0x2F925,3201,1},{0x2F926,3202,1},{0x2F927,3203,1},
    {0x2F928,3204,1},{0x2F929,3205,1},{0x2F92A,3206,1},{0x2F92B,3207,1},{0x2F92C,3208,1},
    {0x2F92D,3209,1},{0x2F92E,3210,1},{0x2F92F,3211,1},{0x2F930,3212,1},{0x2F931,3213,1},
    {0x2F932,3214,1},{0x2F933,3215,1},{0x2F934,3216,1},{0x2F935,3217,1},{0x2F936,3218,1},
    {0x2F937,3219,1},{0x2F938,3220,1},{0x2F939,3221,1},{0x2F93A,3222,1},{0x2F93B,3223,1},
    {0x2F93C,3224,1},{0x2F93D,3225,1},{0x2F93E,3226,1},{0x2F93F,3227,1},{0x2F940,3228,1},
    {0x2F941,3229,1},{0x2F942,3230,1},{0x2F943,3231,1},{0x2F944,3232,1},{0x2F945,3233,1},
    {0x2F946,3234,1},{0x2F947,3235,1},{0x2F948,3236,1},{0x2F949,3237,1},{0x2F94A,3238,1},
    {0x2F94B,3239,1},{0x2F94C,3240,1},{0x2F94D,3241,1},{0x2F94E,3242,1},{0x2F94F,3243,1},
    {0x2F950,3244,1},{0x2F951,3245,1},{0x2F952,3246,1},{0x2F953,3247,1},{0x2F954,3248,1},
    {0x2F955,3249,1},{0x2F956,3250,1},{0x2F957,3251,1},{0x2F958,3252,1},{0x2F959,3253,1},
    {0x2F95A,3254,1},{0x2F95B,3255,1},{0x2F95C,3256,1},{0x2F95D,3257,1},{0x2F95E,3258,1},
    {0x2F95F,3259,1},{0x2F960,3260,1},{0x2F961,3261,1},{0x2F962,3262,1},{0x2F963,3263,1},
    {0x2F964,3264,1},{0x2F965,3265,1},{0x2F966,3266,1},{0x2F967,3267,1},{0x2F968,3268,1},
    {0x2F969,3269,1},{0x2F96A,3270,1},{0x2F96B,3271,1},{0x2F96C,3272,1},{0x2F96D,3273,1},
    {0x2F96E,3274,1},{0x2F96F,3275,1},{0x2F970,3276,1},{0x2F971,3277,1},{0x2F972,3278,1},
    {0x2F973,3279,1},{0x2F974,3280,1},{0x2F975,3281,1},{0x2F976,3282,1},{0x2F977,3283,1},
    {0x2F978,3284,1},{0x2F979,3285,1},{0x2F97A,3286,1},{0x2F97B,3287,1},{0x2F97C,3288,1},
    {0x2F97D,3289,1},{0x2F97E,3290,1},{0x2F97F,3291,1},{0x2F980,3292,1},{0x2F981,3293,1},
    {0x2F982,3294,1},{0x2F983,3295,1},{0x2F984,3296,1},{0x2F985,3297,1},{0x2F986,3298,1},
    {0x2F987,3299,1},{0x2F988,3300,1},{0x2F989,3301,1},{0x2F98A,3302,1},{0x2F98B,3303,1},
    {0x2F98C,3304,1},{0x2F98D,3305,1},{0x2F98E,3306,1},{0x2F98F,3307,1},{0x2F990,3308,1},
    {0x2F991,3309,1},{0x2F992,3310,1},{0x2F993,3311,1},{0x2F994,3312,1},{0x2F995,3313,1},
    {0x2F996,3314,1},{0x2F997,3315,1},{0x2F998,3316,1},{0x2F999,3317,1},{0x2F99A,3318,1},
    {0x2F99B,3319,1},{0x2F99C,3320,1},{0x2F99D,3321,1},{0x2F99E,3322,1},{0x2F99F,3323,1},
    {0x2F9A0,3324,1},{0x2F9A1,3325,1},{0x2F9A2,3326,1},{0x2F9A3,3327,1},{0x2F9A4,3328,1},
    {0x2F9A5,3329,1},{0x2F9A6,3330,1},{0x2F9A7,3331,1},{0x2F9A8,3332,1},{0x2F9A9,3333,1},
    {0x2F9AA,3334,1},{0x2F9AB,3335,1},{0x2F9AC,3336,1},{0x2F9AD,3337,1},{0x2F9AE,3338,1},
    {0x2F9AF,3339,1},{0x2F9B0,3340,1},{0x2F9B1,3341,1},{0x2F9B2,3342,1},{0x2F9B3,3343,1},
    {0x2F9B4,3344,1},{0x2F9B5,3345,1},{0x2F9B6,3346,1},{0x2F9B7,3347,1},{0x2F9B8,3348,1},
    {0x2F9B9,3349,1},{0x2F9BA,3350,1},{0x2F9BB,3351,1},{0x2F9BC,3352,1},{0x2F9BD,3353,1},
    {0x2F9BE,3354,1},{0x2F9BF,3355,1},{0x2F9C0,3356,1},{0x2F9C1,3357,1},{0x2F9C2,3358,1},
    {0x2F9C3,3359,1},{0x2F9C4,3360,1},{0x2F9C5,3361,1},{0x2F9C6,3362,1},{0x2F9C7,3363,1},
    {0x2F9C8,3364,1},{0x2F9C9,3365,1},{0x2F9CA,3366,1},{0x2F9CB,3367,1},{0x2F9CC,3368,1},
    {0x2F9CD,3369,1},{0x2F9CE,3370,1},{0x2F9CF,3371,1},{0x2F9D0,3372,1},{0x2F9D1,3373,1},
    {0x2F9D2,3374,1},{0x2F9D3,3375,1},{0x2F9D4,3376,1},{0x2F9D5,3377,1},{0x2F9D6,3378,1},
    {0x2F9D7,3379,1},{0x2F9D8,3380,1},{0x2F9D9,3381,1},{0x2F9DA,3382,1},{0x2F9DB,3383,1},
    {0x2F9DC,3384,1},{0x2F9DD,3385,1},{0x2F9DE,3386,1},{0x2F9DF,3387,1},{0x2F9E0,3388,1},
    {0x2F9E1,3389,1},{0x2F9E2,3390,1},{0x2F9E3,3391,1},{0x2F9E4,3392,1},{0x2F9E5,3393,1},
    {0x2F9E6,3394,1},{0x2F9E7,3395,1},{0x2F9E8,3396,1},{0x2F9E9,3397,1},{0x2F9EA,3398,1},
    {0x2F9EB,3399,1},{0x2F9EC,3400,1},{0x2F9ED,3401,1},{0x2F9EE,3402,1},{0x2F9EF,3403,1},
    {0x2F9F0,3404,1},{0x2F9F1,3405,1},{0x2F9F2,3406,1},{0x2F9F3,3407,1},{0x2F9F4,3408,1},
    {0x2F9F5,3409,1},{0x2F9F6,3410,1},{0x2F9F7,3411,1},{0x2F9F8,3412,1},{0x2F9F9,3413,1},
    {0x2F9FA,3414,1},{0x2F9FB,3415,1},{0x2F9FC,3416,1},{0x2F9FD,3417,1},{0x2F9FE,3418,1},
    {0x2F9FF,3419,1},{0x2FA00,3420,1},{0x2FA01,3421,1},{0x2FA02,3422,1},{0x2FA03,3423,1},
    {0x2FA04,3424,1},{0x2FA05,3425,1},{0x2FA06,3426,1},{0x2FA07,3427,1},{0x2FA08,3428,1},
    {0x2FA09,3429,1},{0x2FA0A,3430,1},{0x2FA0B,3431,1},{0x2FA0C,3432,1},{0x2FA0D,3433,1},
    {0x2FA0E,3434,1},{0x2FA0F,3435,1},{0x2FA10,3436,1},{0x2FA11,3437,1},{0x2FA12,3438,1},
    {0x2FA13,3439,1},{0x2FA14,3440,1},{0x2FA15,3441,1},{0x2FA16,3442,1},{0x2FA17,3443,1},
    {0x2FA18,3444,1},{0x2FA19,3445,1},{0x2FA1A,3446,1},{0x2FA1B,3447,1},{0x2FA1C,3448,1},
    {0x2FA1D,3449,1},
};

inline constexpr uint32_t kDecompPool[] = {  // 3450 code points
    0x0041,0x0300,0x0041,0x0301,0x0041,0x0302,0x0041,0x0303,0x0041,0x0308,
    0x0041,0x030A,0x0043,0x0327,0x0045,0x0300,0x0045,0x0301,0x0045,0x0302,
    0x0045,0x0308,0x0049,0x0300,0x0049,0x0301,0x0049,0x0302,0x0049,0x0308,
    0x004E,0x0303,0x004F,0x0300,0x004F,0x0301,0x004F,0x0302,0x004F,0x0303,
    0x004F,0x0308,0x0055,0x0300,0x0055,0x0301,0x0055,0x0302,0x0055,0x0308,
    0x0059,0x0301,0x0061,0x0300,0x0061,0x0301,0x0061,0x0302,0x0061,0x0303,
    0x0061,0x0308,0x0061,0x030A,0x0063,0x0327,0x0065,0x0300,0x0065,0x0301,
    0x0065,0x0302,0x0065,0x0308,0x0069,0x0300,0x0069,0x0301,0x0069,0x0302,
    0x0069,0x0308,0x006E,0x0303,0x006F,0x0300,0x006F,0x0301,0x006F,0x0302,
    0x006F,0x0303,0x006F,0x0308,0x0075,0x0300,0x0075,0x0301,0x0075,0x0302,
    0x0075,0x0308,0x0079,0x0301,0x0079,0x0308,0x0041,0x0304,0x0061,0x0304,
    0x0041,0x0306,0x0061,0x0306,0x0041,0x0328,0x0061,0x0328,0x0043,0x0301,
    0x0063,0x0301,0x0043,0x0302,0x0063,0x0302,0x0043,0x0307,0x0063,0x0307,
    0x0043,0x030C,0x0063,0x030C,0x0044,0x030C,0x0064,0x030C,0x0045,0x0304,
    0x0065,0x0304,0x0045,0x0306,0x0065,0x0306,0x0045,0x0307,0x0065,0x0307,
    0x0045,0x0328,0x0065,0x0328,0x0045,0x030C,0x0065,0x030C,0x0047,0x0302,
    0x0067,0x0302,0x0047,0x0306,0x0067,0x0306,0x0047,0x0307,0x0067,0x0307,
    0x0047,0x0327,0x0067,0x0327,0x0048,0x0302,0x0068,0x0302,0x0049,0x0303,
    0x0069,0x0303,0x0049,0x0304,0x0069,0x0304,0x0049,0x0306,0x0069,0x0306,
    0x0049,0x0328,0x0069,0x0328,0x0049,0x0307,0x004A,0x0302,0x006A,0x0302,
    0x004B,0x0327,0x006B,0x0327,0x004C,0x0301,0x006C,0x0301,0x004C,0x0327,
    0x006C,0x0327,0x004C,0x030C,0x006C,0x030C,0x004E,0x0301,0x006E,0x0301,
    0x004E,0x0327,0x006E,0x0327,0x004E,0x030C,0x006E,0x030C,0x004F,0x0304,
    0x006F,0x0304,0x004F,0x0306,0x006F,0x0306,0x004F,0x030B,0x006F,0x030B,
    0x0052,0x0301,0x0072,0x0301,0x0052,0x0327,0x0072,0x0327,0x0052,0x030C,
    0x0072,0x030C,0x0053,0x0301,0x0073,0x0301,0x0053,0x0302,0x0073,0x0302,
    0x0053,0x0327,0x0073,0x0327,0x0053,0x030C,0x0073,0x030C,0x0054,0x0327,
    0x0074,0x0327,0x0054,0x030C,0x0074,0x030C,0x0055,0x0303,0x0075,0x0303,
    0x0055,0x0304,0x0075,0x0304,0x0055,0x0306,0x0075,0x0306,0x0055,0x030A,
    0x0075,0x030A,0x0055,0x030B,0x0075,0x030B,0x0055,0x0328,0x0075,0x0328,
    0x0057,0x0302,0x0077,0x0302,0x0059,0x0302,0x0079,0x0302,0x0059,0x0308,
    0x005A,0x0301,0x007A,0x0301,0x005A,0x0307,0x007A,0x0307,0x005A,0x030C,
    0x007A,0x030C,0x004F,0x031B,0x006F,0x031B,0x0055,0x031B,0x0075,0x031B,
    0x0041,0x030C,0x0061,0x030C,0x0049,0x030C,0x0069,0x030C,0x004F,0x030C,
    0x006F,0x030C,0x0055,0x030C,0x0075,0x030C,0x0055,0x0308,0x0304,0x0075,
    0x0308,0x0304,0x0055,0x0308,0x0301,0x0075,0x0308,0x0301,0x0055,0x0308,
    0x030C,0x0075,0x0308,0x030C,0x0055,0x0308,0x0300,0x0075,0x0308,0x0300,
    0x0041,0x0308,0x0304,0x0061,0x0308,0x0304,0x0041,0x0307,0x0304,0x0061,
    0x0307,0x0304,0x00C6,0x0304,0x00E6,0x0304,0x0047,0x030C,0x0067,0x030C,
    0x004B,0x030C,0x006B,0x030C,0x004F,0x0328,0x006F,0x0328,0x004F,0x0328,
    0x0304,0x006F,0x0328,0x0304,0x01B7,0x030C,0x0292,0x030C,0x006A,0x030C,
    0x0047,0x0301,0x0067,0x0301,0x004E,0x0300,0x006E,0x0300,0x0041,0x030A,
    0x0301,0x0061,0x030A,0x0301,0x00C6,0x0301,0x00E6,0x0301,0x00D8,0x0301,
    0x00F8,0x0301,0x0041,0x030F,0x0061,0x030F,0x0041,0x0311,0x0061,0x0311,
    0x0045,0x030F,0x0065,0x030F,0x0045,0x0311,0x0065,0x0311,0x0049,0x030F,
    0x0069,0x030F,0x0049,0x0311,0x0069,0x0311,0x004F,0x030F,0x006F,0x030F,
    0x004F,0x0311,0x006F,0x0311,0x0052,0x030F,0x0072,0x030F,0x0052,0x0311,
    0x0072,0x0311,0x0055,0x030F,0x0075,0x030F,0x0055,0x0311,0x0075,0x0311,
    0x0053,0x0326,0x0073,0x0326,0x0054,0x0326,0x0074,0x0326,0x0048,0x030C,
    0x0068,0x030C,0x0041,0x0307,0x0061,0x0307,0x0045,0x0327,0x0065,0x0327,
    0x004F,0x0308,0x0304,0x006F,0x0308,0x0304,0x004F,0x0303,0x0304,0x006F,
    0x0303,0x0304,0x004F,0x0307,0x006F,0x0307,0x004F,0x0307,0x0304,0x006F,
    0x0307,0x0304,0x0059,0x0304,0x0079,0x0304,0x0300,0x0301,0x0313,0x0308,
    0x0301,0x02B9,0x003B,0x00A8,0x0301,0x0391,0x0301,0x00B7,0x0395,0x0301,
    0x0397,0x0301,0x0399,0x0301,0x039F,0x0301,0x03A5,0x0301,0x03A9,0x0301,
    0x03B9,0x0308,0x0301,0x0399,0x0308,0x03A5,0x0308,0x03B1,0x0301,0x03B5,
    0x0301,0x03B7,0x0301,0x03B9,0x0301,0x03C5,0x0308,0x0301,0x03B9,0x0308,
    0x03C5,0x0308,0x03BF,0x0301,0x03C5,0x0301,0x03C9,0x0301,0x03D2,0x0301,
    0x03D2,0x0308,0x0415,0x0300,0x0415,0x0308,0x0413,0x0301,0x0406,0x0308,
    0x041A,0x0301,0x0418,0x0300,0x0423,0x0306,0x0418,0x0306,0x0438,0x0306,
    0x0435,0x0300,0x0435,0x0308,0x0433,0x0301,0x0456,0x0308,0x043A,0x0301,
    0x0438,0x0300,0x0443,0x0306,0x0474,0x030F,0x0475,0x030F,0x0416,0x0306,
    0x0436,0x0306,0x0410,0x0306,0x0430,0x0306,0x0410,0x0308,0x0430,0x0308,
    0x0415,0x0306,0x0435,0x0306,0x04D8,0x0308,0x04D9,0x0308,0x0416,0x0308,
    0x0436,0x0308,0x0417,0x0308,0x0437,0x0308,0x0418,0x0304,0x0438,0x0304,
    0x0418,0x0308,0x0438,0x0308,0x041E,0x0308,0x043E,0x0308,0x04E8,0x0308,
    0x04E9,0x0308,0x042D,0x0308,0x044D,0x0308,0x0423,0x0304,0x0443,0x0304,
    0x0423,0x0308,0x0443,0x0308,0x0423,0x030B,0x0443,0x030B,0x0427,0x0308,
    0x0447,0x0308,0x042B,0x0308,0x044B,0x0308,0x0627,0x0653,0x0627,0x0654,
    0x0648,0x0654,0x0627,0x0655,0x064A,0x0654,0x06D5,0x0654,0x06C1,0x0654,
    0x06D2,0x0654,0x0928,0x093C,0x0930,0x093C,0x0933,0x093C,0x0915,0x093C,
    0x0916,0x093C,0x0917,0x093C,0x091C,0x093C,0x0921,0x093C,0x0922,0x093C,
    0x092B,0x093C,0x092F,0x093C,0x09C7,0x09BE,0x09C7,0x09D7,0x09A1,0x09BC,
    0x09A2,0x09BC,0x09AF,0x09BC,0x0A32,0x0A3C,0x0A38,0x0A3C,0x0A16,0x0A3C,
    0x0A17,0x0A3C,0x0A1C,0x0A3C,0x0A2B,0x0A3C,0x0B47,0x0B56,0x0B47,0x0B3E,
    0x0B47,0x0B57,0x0B21,0x0B3C,0x0B22,0x0B3C,0x0B92,0x0BD7,0x0BC6,0x0BBE,
    0x0BC7,0x0BBE,0x0BC6,0x0BD7,0x0C46,0x0C56,0x0CBF,0x0CD5,0x0CC6,0x0CD5,
    0x0CC6,0x0CD6,0x0CC6,0x0CC2,0x0CC6,0x0CC2,0x0CD5,0x0D46,0x0D3E,0x0D47,
    0x0D3E,0x0D46,0x0D57,0x0DD9,0x0DCA,0x0DD9,0x0DCF,0x0DD9,0x0DCF,0x0DCA,
    0x0DD9,0x0DDF,0x0F42,0x0FB7,0x0F4C,0x0FB7,0x0F51,0x0FB7,0x0F56,0x0FB7,
    0x0F5B,0x0FB7,0x0F40,0x0FB5,0x0F71,0x0F72,0x0F71,0x0F74,0x0FB2,0x0F80,
    0x0FB3,0x0F80,0x0F71,0x0F80,0x0F92,0x0FB7,0x0F9C,0x0FB7,0x0FA1,0x0FB7,
    0x0FA6,0x0FB7,0x0FAB,0x0FB7,0x0F90,0x0FB5,0x1025,0x102E,0x1B05,0x1B35,
    0x1B07,0x1B35,0x1B09,0x1B35,0x1B0B,0x1B35,0x1B0D,0x1B35,0x1B11,0x1B35,
    0x1B3A,0x1B35,0x1B3C,0x1B35,0x1B3E,0x1B35,0x1B3F,0x1B35,0x1B42,0x1B35,
    0x0041,0x0325,0x0061,0x0325,0x0042,0x0307,0x0062,0x0307,0x0042,0x0323,
    0x0062,0x0323,0x0042,0x0331,0x0062,0x0331,0x0043,0x0327,0x0301,0x0063,
    0x0327,0x0301,0x0044,0x0307,0x0064,0x0307,0x0044,0x0323,0x0064,0x0323,
    0x0044,0x0331,0x0064,0x0331,0x0044,0x0327,0x0064,0x0327,0x0044,0x032D,
    0x0064,0x032D,0x0045,0x0304,0x0300,0x0065,0x0304,0x0300,0x0045,0x0304,
    0x0301,0x0065,0x0304,0x0301,0x0045,0x032D,0x0065,0x032D,0x0045,0x0330,
    0x0065,0x0330,0x0045,0x0327,0x0306,0x0065,0x0327,0x0306,0x0046,0x0307,
    0x0066,0x0307,0x0047,0x0304,0x0067,0x0304,0x0048,0x0307,0x0068,0x0307,
    0x0048,0x0323,0x0068,0x0323,0x0048,0x0308,0x0068,0x0308,0x0048,0x0327,
    0x0068,0x0327,0x0048,0x032E,0x0068,0x032E,0x0049,0x0330,0x0069,0x0330,
    0x0049,0x0308,0x0301,0x0069,0x0308,0x0301,0x004B,0x0301,0x006B,0x0301,
    0x004B,0x0323,0x006B,0x0323,0x004B,0x0331,0x006B,0x0331,0x004C,0x0323,
    0x006C,0x0323,0x004C,0x0323,0x0304,0x006C,0x0323,0x0304,0x004C,0x0331,
    0x006C,0x0331,0x004C,0x032D,0x006C,0x032D,0x004D,0x0301,0x006D,0x0301,
    0x004D,0x0307,0x006D,0x0307,0x004D,0x0323,0x006D,0x0323,0x004E,0x0307,
    0x006E,0x0307,0x004E,0x0323,0x006E,0x0323,0x004E,0x0331,0x006E,0x0331,
    0x004E,0x032D,0x006E,0x032D,0x004F,0x0303,0x0301,0x006F,0x0303,0x0301,
    0x004F,0x0303,0x0308,0x006F,0x0303,0x0308,0x004F,0x0304,0x0300,0x006F,
    0x0304,0x0300,0x004F,0x0304,0x0301,0x006F,0x0304,0x0301,0x0050,0x0301,
    0x0070,0x0301,0x0050,0x0307,0x0070,0x0307,0x0052,0x0307,0x0072,0x0307,
    0x0052,0x0323,0x0072,0x0323,0x0052,0x0323,0x0304,0x0072,0x0323,0x0304,
    0x0052,0x0331,0x0072,0x0331,0x0053,0x0307,0x0073,0x0307,0x0053,0x0323,
    0x0073,0x0323,0x0053,0x0301,0x0307,0x0073,0x0301,0x0307,0x0053,0x030C,
    0x0307,0x0073,0x030C,0x0307,0x0053,0x0323,0x0307,0x0073,0x0323,0x0307,
    0x0054,0x0307,0x0074,0x0307,0x0054,0x0323,0x0074,0x0323,0x0054,0x0331,
    0x0074,0x0331,0x0054,0x032D,0x0074,0x032D,0x0055,0x0324,0x0075,0x0324,
    0x0055,0x0330,0x0075,0x0330,0x0055,0x032D,0x0075,0x032D,0x0055,0x0303,
    0x0301,0x0075,0x0303,0x0301,0x0055,0x0304,0x0308,0x0075,0x0304,0x0308,
    0x0056,0x0303,0x0076,0x0303,0x0056,0x0323,0x0076,0x0323,0x0057,0x0300,
    0x0077,0x0300,0x0057,0x0301,0x0077,0x0301,0x0057,0x0308,0x0077,0x0308,
    0x0057,0x0307,0x0077,0x0307,0x0057,0x0323,0x0077,0x0323,0x0058,0x0307,
    0x0078,0x0307,0x0058,0x0308,0x0078,0x0308,0x0059,0x0307,0x0079,0x0307,
    0x005A,0x0302,0x007A,0x0302,0x005A,0x0323,0x007A,0x0323,0x005A,0x0331,
    0x007A,0x0331,0x0068,0x0331,0x0074,0x0308,0x0077,0x030A,0x0079,0x030A,
    0x017F,0x0307,0x0041,0x0323,0x0061,0x0323,0x0041,0x0309,0x0061,0x0309,
    0x0041,0x0302,0x0301,0x0061,0x0302,0x0301,0x0041,0x0302,0x0300,0x0061,
    0x0302,0x0300,0x0041,0x0302,0x0309,0x0061,0x0302,0x0309,0x0041,0x0302,
    0x0303,0x0061,0x0302,0x0303,0x0041,0x0323,0x0302,0x0061,0x0323,0x0302,
    0x0041,0x0306,0x0301,0x0061,0x0306,0x0301,0x0041,0x0306,0x0300,0x0061,
    0x0306,0x0300,0x0041,0x0306,0x0309,0x0061,0x0306,0x0309,0x0041,0x0306,
    0x0303,0x0061,0x0306,0x0303,0x0041,0x0323,0x0306,0x0061,0x0323,0x0306,
    0x0045,0x0323,0x0065,0x0323,0x0045,0x0309,0x0065,0x0309,0x0045,0x0303,
    0x0065,0x0303,0x0045,0x0302,0x0301,0x0065,0x0302,0x0301,0x0045,0x0302,
    0x0300,0x0065,0x0302,0x0300,0x0045,0x0302,0x0309,0x0065,0x0302,0x0309,
    0x0045,0x0302,0x0303,0x0065,0x0302,0x0303,0x0045,0x0323,0x0302,0x0065,
    0x0323,0x0302,0x0049,0x0309,0x0069,0x0309,0x0049,0x0323,0x0069,0x0323,
    0x004F,0x0323,0x006F,0x0323,0x004F,0x0309,0x006F,0x0309,0x004F,0x0302,
    0x0301,0x006F,0x0302,0x0301,0x004F,0x0302,0x0300,0x006F,0x0302,0x0300,
    0x004F,0x0302,0x0309,0x006F,0x0302,0x0309,0x004F,0x0302,0x0303,0x006F,
    0x0302,0x0303,0x004F,0x0323,0x0302,0x006F,0x0323,0x0302,0x004F,0x031B,
    0x0301,0x006F,0x031B,0x0301,0x004F,0x031B,0x0300,0x006F,0x031B,0x0300,
    0x004F,0x031B,0x0309,0x006F,0x031B,0x0309,0x004F,0x031B,0x0303,0x006F,
    0x031B,0x0303,0x004F,0x031B,0x0323,0x006F,0x031B,0x0323,0x0055,0x0323,
    0x0075,0x0323,0x0055,0x0309,0x0075,0x0309,0x0055,0x031B,0x0301,0x0075,
    0x031B,0x0301,0x0055,0x031B,0x0300,0x0075,0x031B,0x0300,0x0055,0x031B,
    0x0309,0x0075,0x031B,0x0309,0x0055,0x031B,0x0303,0x0075,0x031B,0x0303,
    0x0055,0x031B,0x0323,0x0075,0x031B,0x0323,0x0059,0x0300,0x0079,0x0300,
    0x0059,0x0323,0x0079,0x0323,0x0059,0x0309,0x0079,0x0309,0x0059,0x0303,
    0x0079,0x0303,0x03B1,0x0313,0x03B1,0x0314,0x03B1,0x0313,0x0300,0x03B1,
    0x0314,0x0300,0x03B1,0x0313,0x0301,0x03B1,0x0314,0x0301,0x03B1,0x0313,
    0x0342,0x03B1,0x0314,0x0342,0x0391,0x0313,0x0391,0x0314,0x0391,0x0313,
    0x0300,0x0391,0x0314,0x0300,0x0391,0x0313,0x0301,0x0391,0x0314,0x0301,
    0x0391,0x0313,0x0342,0x0391,0x0314,0x0342,0x03B5,0x0313,0x03B5,0x0314,
    0x03B5,0x0313,0x0300,0x03B5,0x0314,0x0300,0x03B5,0x0313,0x0301,0x03B5,
    0x0314,0x0301,0x0395,0x0313,0x0395,0x0314,0x0395,0x0313,0x0300,0x0395,
    0x0314,0x0300,0x0395,0x0313,0x0301,0x0395,0x0314,0x0301,0x03B7,0x0313,
    0x03B7,0x0314,0x03B7,0x0313,0x0300,0x03B7,0x0314,0x0300,0x03B7,0x0313,
    0x0301,0x03B7,0x0314,0x0301,0x03B7,0x0313,0x0342,0x03B7,0x0314,0x0342,
    0x0397,0x0313,0x0397,0x0314,0x0397,0x0313,0x0300,0x0397,0x0314,0x0300,
    0x0397,0x0313,0x0301,0x0397,0x0314,0x0301,0x0397,0x0313,0x0342,0x0397,
    0x0314,0x0342,0x03B9,0x0313,0x03B9,0x0314,0x03B9,0x0313,0x0300,0x03B9,
    0x0314,0x0300,0x03B9,0x0313,0x0301,0x03B9,0x0314,0x0301,0x03B9,0x0313,
    0x0342,0x03B9,0x0314,0x0342,0x0399,0x0313,0x0399,0x0314,0x0399,0x0313,
    0x0300,0x0399,0x0314,0x0300,0x0399,0x0313,0x0301,0x0399,0x0314,0x0301,
    0x0399,0x0313,0x0342,0x0399,0x0314,0x0342,0x03BF,0x0313,0x03BF,0x0314,
    0x03BF,0x0313,0x0300,0x03BF,0x0314,0x0300,0x03BF,0x0313,0x0301,0x03BF,
    0x0314,0x0301,0x039F,0x0313,0x039F,0x0314,0x039F,0x0313,0x0300,0x039F,
    0x0314,0x0300,0x039F,0x0313,0x0301,0x039F,0x0314,0x0301,0x03C5,0x0313,
    0x03C5,0x0314,0x03C5,0x0313,0x0300,0x03C5,0x0314,0x0300,0x03C5,0x0313,
    0x0301,0x03C5,0x0314,0x0301,0x03C5,0x0313,0x0342,0x03C5,0x0314,0x0342,
    0x03A5,0x0314,0x03A5,0x0314,0x0300,0x03A5,0x0314,0x0301,0x03A5,0x0314,
    0x0342,0x03C9,0x0313,0x03C9,0x0314,0x03C9,0x0313,0x0300,0x03C9,0x0314,
    0x0300,0x03C9,0x0313,0x0301,0x03C9,0x0314,0x0301,0x03C9,0x0313,0x0342,
    0x03C9,0x0314,0x0342,0x03A9,0x0313,0x03A9,0x0314,0x03A9,0x0313,0x0300,
    0x03A9,0x0314,0x0300,0x03A9,0x0313,0x0301,0x03A9,0x0314,0x0301,0x03A9,
    0x0313,0x0342,0x03A9,0x0314,0x0342,0x03B1,0x0300,0x03B1,0x0301,0x03B5,
    0x0300,0x03B5,0x0301,0x03B7,0x0300,0x03B7,0x0301,0x03B9,0x0300,0x03B9,
    0x0301,0x03BF,0x0300,0x03BF,0x0301,0x03C5,0x0300,0x03C5,0x0301,0x03C9,
    0x0300,0x03C9,0x0301,0x03B1,0x0313,0x0345,0x03B1,0x0314,0x0345,0x03B1,
    0x0313,0x0300,0x0345,0x03B1,0x0314,0x0300,0x0345,0x03B1,0x0313,0x0301,
    0x0345,0x03B1,0x0314,0x0301,0x0345,0x03B1,0x0313,0x0342,0x0345,0x03B1,
    0x0314,0x0342,0x0345,0x0391,0x0313,0x0345,0x0391,0x0314,0x0345,0x0391,
    0x0313,0x0300,0x0345,0x0391,0x0314,0x0300,0x0345,0x0391,0x0313,0x0301,
    0x0345,0x0391,0x0314,0x0301,0x0345,0x0391,0x0313,0x0342,0x0345,0x0391,
    0x0314,0x0342,0x0345,0x03B7,0x0313,0x0345,0x03B7,0x0314,0x0345,0x03B7,
    0x0313,0x0300,0x0345,0x03B7,0x0314,0x0300,0x0345,0x03B7,0x0313,0x0301,
    0x0345,0x03B7,0x0314,0x0301,0x0345,0x03B7,0x0313,0x0342,0x0345,0x03B7,
    0x0314,0x0342,0x0345,0x0397,0x0313,0x0345,0x0397,0x0314,0x0345,0x0397,
    0x0313,0x0300,0x0345,0x0397,0x0314,0x0300,0x0345,0x0397,0x0313,0x0301,
    0x0345,0x0397,0x0314,0x0301,0x0345,0x0397,0x0313,0x0342,0x0345,0x0397,
    0x0314,0x0342,0x0345,0x03C9,0x0313,0x0345,0x03C9,0x0314,0x0345,0x03C9,
    0x0313,0x0300,0x0345,0x03C9,0x0314,0x0300,0x0345,0x03C9,0x0313,0x0301,
    0x0345,0x03C9,0x0314,0x0301,0x0345,0x03C9,0x0313,0x0342,0x0345,0x03C9,
    0x0314,0x0342,0x0345,0x03A9,0x0313,0x0345,0x03A9,0x0314,0x0345,0x03A9,
    0x0313,0x0300,0x0345,0x03A9,0x0314,0x0300,0x0345,0x03A9,0x0313,0x0301,
    0x0345,0x03A9,0x0314,0x0301,0x0345,0x03A9,0x0313,0x0342,0x0345,0x03A9,
    0x0314,0x0342,0x0345,0x03B1,0x0306,0x03B1,0x0304,0x03B1,0x0300,0x0345,
    0x03B1,0x0345,0x03B1,0x0301,0x0345,0x03B1,0x0342,0x03B1,0x0342,0x0345,
    0x0391,0x0306,0x0391,0x0304,0x0391,0x0300,0x0391,0x0301,0x0391,0x0345,
    0x03B9,0x00A8,0x0342,0x03B7,0x0300,0x0345,0x03B7,0x0345,0x03B7,0x0301,
    0x0345,0x03B7,0x0342,0x03B7,0x0342,0x0345,0x0395,0x0300,0x0395,0x0301,
    0x0397,0x0300,0x0397,0x0301,0x0397,0x0345,0x1FBF,0x0300,0x1FBF,0x0301,
    0x1FBF,0x0342,0x03B9,0x0306,0x03B9,0x0304,0x03B9,0x0308,0x0300,0x03B9,
    0x0308,0x0301,0x03B9,0x0342,0x03B9,0x0308,0x0342,0x0399,0x0306,0x0399,
    0x0304,0x0399,0x0300,0x0399,0x0301,0x1FFE,0x0300,0x1FFE,0x0301,0x1FFE,
    0x0342,0x03C5,0x0306,0x03C5,0x0304,0x03C5,0x0308,0x0300,0x03C5,0x0308,
    0x0301,0x03C1,0x0313,0x03C1,0x0314,0x03C5,0x0342,0x03C5,0x0308,0x0342,
    0x03A5,0x0306,0x03A5,0x0304,0x03A5,0x0300,0x03A5,0x0301,0x03A1,0x0314,
    0x00A8,0x0300,0x00A8,0x0301,0x0060,0x03C9,0x0300,0x0345,0x03C9,0x0345,
    0x03C9,0x0301,0x0345,0x03C9,0x0342,0x03C9,0x0342,0x0345,0x039F,0x0300,
    0x039F,0x0301,0x03A9,0x0300,0x03A9,0x0301,0x03A9,0x0345,0x00B4,0x2002,
    0x2003,0x03A9,0x004B,0x0041,0x030A,0x2190,0x0338,0x2192,0x0338,0x2194,
    0x0338,0x21D0,0x0338,0x21D4,0x0338,0x21D2,0x0338,0x2203,0x0338,0x2208,
    0x0338,0x220B,0x0338,0x2223,0x0338,0x2225,0x0338,0x223C,0x0338,0x2243,
    0x0338,0x2245,0x0338,0x2248,0x0338,0x003D,0x0338,0x2261,0x0338,0x224D,
    0x0338,0x003C,0x0338,0x003E,0x0338,0x2264,0x0338,0x2265,0x0338,0x2272,
    0x0338,0x2273,0x0338,0x2276,0x0338,0x2277,0x0338,0x227A,0x0338,0x227B,
    0x0338,0x2282,0x0338,0x2283,0x0338,0x2286,0x0338,0x2287,0x0338,0x22A2,
    0x0338,0x22A8,0x0338,0x22A9,0x0338,0x22AB,0x0338,0x227C,0x0338,0x227D,
    0x0338,0x2291,0x0338,0x2292,0x0338,0x22B2,0x0338,0x22B3,0x0338,0x22B4,
    0x0338,0x22B5,0x0338,0x3008,0x3009,0x2ADD,0x0338,0x304B,0x3099,0x304D,
    0x3099,0x304F,0x3099,0x3051,0x3099,0x3053,0x3099,0x3055,0x3099,0x3057,
    0x3099,0x3059,0x3099,0x305B,0x3099,0x305D,0x3099,0x305F,0x3099,0x3061,
    0x3099,0x3064,0x3099,0x3066,0x3099,0x3068,0x3099,0x306F,0x3099,0x306F,
    0x309A,0x3072,0x3099,0x3072,0x309A,0x3075,0x3099,0x3075,0x309A,0x3078,
    0x3099,0x3078,0x309A,0x307B,0x3099,0x307B,0x309A,0x3046,0x3099,0x309D,
    0x3099,0x30AB,0x3099,0x30AD,0x3099,0x30AF,0x3099,0x30B1,0x3099,0x30B3,
    0x3099,0x30B5,0x3099,0x30B7,0x3099,0x30B9,0x3099,0x30BB,0x3099,0x30BD,
    0x3099,0x30BF,0x3099,0x30C1,0x3099,0x30C4,0x3099,0x30C6,0x3099,0x30C8,
    0x3099,0x30CF,0x3099,0x30CF,0x309A,0x30D2,0x3099,0x30D2,0x309A,0x30D5,
    0x3099,0x30D5,0x309A,0x30D8,0x3099,0x30D8,0x309A,0x30DB,0x3099,0x30DB,
    0x309A,0x30A6,0x3099,0x30EF,0x3099,0x30F0,0x3099,0x30F1,0x3099,0x30F2,
    0x3099,0x30FD,0x3099,0x8C48,0x66F4,0x8ECA,0x8CC8,0x6ED1,0x4E32,0x53E5,
    0x9F9C,0x9F9C,0x5951,0x91D1,0x5587,0x5948,0x61F6,0x7669,0x7F85,0x863F,
    0x87BA,0x88F8,0x908F,0x6A02,0x6D1B,0x70D9,0x73DE,0x843D,0x916A,0x99F1,
    0x4E82,0x5375,0x6B04,0x721B,0x862D,0x9E1E,0x5D50,0x6FEB,0x85CD,0x8964,
    0x62C9,0x81D8,0x881F,0x5ECA,0x6717,0x6D6A,0x72FC,0x90CE,0x4F86,0x51B7,
    0x52DE,0x64C4,0x6AD3,0x7210,0x76E7,0x8001,0x8606,0x865C,0x8DEF,0x9732,
    0x9B6F,0x9DFA,0x788C,0x797F,0x7DA0,0x83C9,0x9304,0x9E7F,0x8AD6,0x58DF,
    0x5F04,0x7C60,0x807E,0x7262,0x78CA,0x8CC2,0x96F7,0x58D8,0x5C62,0x6A13,
    0x6DDA,0x6F0F,0x7D2F,0x7E37,0x964B,0x52D2,0x808B,0x51DC,0x51CC,0x7A1C,
    0x7DBE,0x83F1,0x9675,0x8B80,0x62CF,0x6A02,0x8AFE,0x4E39,0x5BE7,0x6012,
    0x7387,0x7570,0x5317,0x78FB,0x4FBF,0x5FA9,0x4E0D,0x6CCC,0x6578,0x7D22,
    0x53C3,0x585E,0x7701,0x8449,0x8AAA,0x6BBA,0x8FB0,0x6C88,0x62FE,0x82E5,
    0x63A0,0x7565,0x4EAE,0x5169,0x51C9,0x6881,0x7CE7,0x826F,0x8AD2,0x91CF,
    0x52F5,0x5442,0x5973,0x5EEC,0x65C5,0x6FFE,0x792A,0x95AD,0x9A6A,0x9E97,
    0x9ECE,0x529B,0x66C6,0x6B77,0x8F62,0x5E74,0x6190,0x6200,0x649A,0x6F23,
    0x7149,0x7489,0x79CA,0x7DF4,0x806F,0x8F26,0x84EE,0x9023,0x934A,0x5217,
    0x52A3,0x54BD,0x70C8,0x88C2,0x8AAA,0x5EC9,0x5FF5,0x637B,0x6BAE,0x7C3E,
    0x7375,0x4EE4,0x56F9,0x5BE7,0x5DBA,0x601C,0x73B2,0x7469,0x7F9A,0x8046,
    0x9234,0x96F6,0x9748,0x9818,0x4F8B,0x79AE,0x91B4,0x96B8,0x60E1,0x4E86,
    0x50DA,0x5BEE,0x5C3F,0x6599,0x6A02,0x71CE,0x7642,0x84FC,0x907C,0x9F8D,
    0x6688,0x962E,0x5289,0x677B,0x67F3,0x6D41,0x6E9C,0x7409,0x7559,0x786B,
    0x7D10,0x985E,0x516D,0x622E,0x9678,0x502B,0x5D19,0x6DEA,0x8F2A,0x5F8B,
    0x6144,0x6817,0x7387,0x9686,0x5229,0x540F,0x5C65,0x6613,0x674E,0x68A8,
    0x6CE5,0x7406,0x75E2,0x7F79,0x88CF,0x88E1,0x91CC,0x96E2,0x533F,0x6EBA,
    0x541D,0x71D0,0x7498,0x85FA,0x96A3,0x9C57,0x9E9F,0x6797,0x6DCB,0x81E8,
    0x7ACB,0x7B20,0x7C92,0x72C0,0x7099,0x8B58,0x4EC0,0x8336,0x523A,0x5207,
    0x5EA6,0x62D3,0x7CD6,0x5B85,0x6D1E,0x66B4,0x8F3B,0x884C,0x964D,0x898B,
    0x5ED3,0x5140,0x55C0,0x585A,0x6674,0x51DE,0x732A,0x76CA,0x793C,0x795E,
    0x7965,0x798F,0x9756,0x7CBE,0x7FBD,0x8612,0x8AF8,0x9038,0x90FD,0x98EF,
    0x98FC,0x9928,0x9DB4,0x90DE,0x96B7,0x4FAE,0x50E7,0x514D,0x52C9,0x52E4,
    0x5351,0x559D,0x5606,0x5668,0x5840,0x58A8,0x5C64,0x5C6E,0x6094,0x6168,
    0x618E,0x61F2,0x654F,0x65E2,0x6691,0x6885,0x6D77,0x6E1A,0x6F22,0x716E,
    0x722B,0x7422,0x7891,0x793E,0x7949,0x7948,0x7950,0x7956,0x795D,0x798D,
    0x798E,0x7A40,0x7A81,0x7BC0,0x7DF4,0x7E09,0x7E41,0x7F72,0x8005,0x81ED,
    0x8279,0x8279,0x8457,0x8910,0x8996,0x8B01,0x8B39,0x8CD3,0x8D08,0x8FB6,
    0x9038,0x96E3,0x97FF,0x983B,0x6075,0x242EE,0x8218,0x4E26,0x51B5,0x5168,
    0x4F80,0x5145,0x5180,0x52C7,0x52FA,0x559D,0x5555,0x5599,0x55E2,0x585A,
    0x58B3,0x5944,0x5954,0x5A62,0x5B28,0x5ED2,0x5ED9,0x5F69,0x5FAD,0x60D8,
    0x614E,0x6108,0x618E,0x6160,0x61F2,0x6234,0x63C4,0x641C,0x6452,0x6556,
    0x6674,0x6717,0x671B,0x6756,0x6B79,0x6BBA,0x6D41,0x6EDB,0x6ECB,0x6F22,
    0x701E,0x716E,0x77A7,0x7235,0x72AF,0x732A,0x7471,0x7506,0x753B,0x761D,
    0x761F,0x76CA,0x76DB,0x76F4,0x774A,0x7740,0x78CC,0x7AB1,0x7BC0,0x7C7B,
    0x7D5B,0x7DF4,0x7F3E,0x8005,0x8352,0x83EF,0x8779,0x8941,0x8986,0x8996,
    0x8ABF,0x8AF8,0x8ACB,0x8B01,0x8AFE,0x8AED,0x8B39,0x8B8A,0x8D08,0x8F38,
    0x9072,0x9199,0x9276,0x967C,0x96E3,0x9756,0x97DB,0x97FF,0x980B,0x983B,
    0x9B12,0x9F9C,0x2284A,0x22844,0x233D5,0x3B9D,0x4018,0x4039,0x25249,0x25CD0,
    0x27ED3,0x9F43,0x9F8E,0x05D9,0x05B4,0x05F2,0x05B7,0x05E9,0x05C1,0x05E9,
    0x05C2,0x05E9,0x05BC,0x05C1,0x05E9,0x05BC,0x05C2,0x05D0,0x05B7,0x05D0,
    0x05B8,0x05D0,0x05BC,0x05D1,0x05BC,0x05D2,0x05BC,0x05D3,0x05BC,0x05D4,
    0x05BC,0x05D5,0x05BC,0x05D6,0x05BC,0x05D8,0x05BC,0x05D9,0x05BC,0x05DA,
    0x05BC,0x05DB,0x05BC,0x05DC,0x05BC,0x05DE,0x05BC,0x05E0,0x05BC,0x05E1,
    0x05BC,0x05E3,0x05BC,0x05E4,0x05BC,0x05E6,0x05BC,0x05E7,0x05BC,0x05E8,
    0x05BC,0x05E9,0x05BC,0x05EA,0x05BC,0x05D5,0x05B9,0x05D1,0x05BF,0x05DB,
    0x05BF,0x05E4,0x05BF,0x105D2,0x0307,0x105DA,0x0307,0x11099,0x110BA,0x1109B,
    0x110BA,0x110A5,0x110BA,0x11131,0x11127,0x11132,0x11127,0x11347,0x1133E,0x11347,
    0x11357,0x11382,0x113C9,0x11384,0x113BB,0x1138B,0x113C2,0x11390,0x113C9,0x113C2,
    0x113C2,0x113C2,0x113B8,0x113C2,0x113C9,0x114B9,0x114BA,0x114B9,0x114B0,0x114B9,
    0x114BD,0x115B8,0x115AF,0x115B9,0x115AF,0x11935,0x11930,0x1611E,0x1611E,0x1611E,
    0x16129,0x1611E,0x1611F,0x16129,0x1611F,0x1611E,0x16120,0x1611E,0x1611E,0x1611F,
    0x1611E,0x16129,0x1611F,0x1611E,0x1611E,0x16120,0x16D67,0x16D67,0x16D63,0x16D67,
    0x16D63,0x16D67,0x16D67,0x1D157,0x1D165,0x1D158,0x1D165,0x1D158,0x1D165,0x1D16E,
    0x1D158,0x1D165,0x1D16F,0x1D158,0x1D165,0x1D170,0x1D158,0x1D165,0x1D171,0x1D158,
    0x1D165,0x1D172,0x1D1B9,0x1D165,0x1D1BA,0x1D165,0x1D1B9,0x1D165,0x1D16E,0x1D1BA,
    0x1D165,0x1D16E,0x1D1B9,0x1D165,0x1D16F,0x1D1BA,0x1D165,0x1D16F,0x4E3D,0x4E38,
    0x4E41,0x20122,0x4F60,0x4FAE,0x4FBB,0x5002,0x507A,0x5099,0x50E7,0x50CF,
    0x349E,0x2063A,0x514D,0x5154,0x5164,0x5177,0x2051C,0x34B9,0x5167,0x518D,
    0x2054B,0x5197,0x51A4,0x4ECC,0x51AC,0x51B5,0x291DF,0x51F5,0x5203,0x34DF,
    0x523B,0x5246,0x5272,0x5277,0x3515,0x52C7,0x52C9,0x52E4,0x52FA,0x5305,
    0x5306,0x5317,0x5349,0x5351,0x535A,0x5373,0x537D,0x537F,0x537F,0x537F,
    0x20A2C,0x7070,0x53CA,0x53DF,0x20B63,0x53EB,0x53F1,0x5406,0x549E,0x5438,
    0x5448,0x5468,0x54A2,0x54F6,0x5510,0x5553,0x5563,0x5584,0x5584,0x5599,
    0x55AB,0x55B3,0x55C2,0x5716,0x5606,0x5717,0x5651,0x5674,0x5207,0x58EE,
    0x57CE,0x57F4,0x580D,0x578B,0x5832,0x5831,0x58AC,0x214E4,0x58F2,0x58F7,
    0x5906,0x591A,0x5922,0x5962,0x216A8,0x216EA,0x59EC,0x5A1B,0x5A27,0x59D8,
    0x5A66,0x36EE,0x36FC,0x5B08,0x5B3E,0x5B3E,0x219C8,0x5BC3,0x5BD8,0x5BE7,
    0x5BF3,0x21B18,0x5BFF,0x5C06,0x5F53,0x5C22,0x3781,0x5C60,0x5C6E,0x5CC0,
    0x5C8D,0x21DE4,0x5D43,0x21DE6,0x5D6E,0x5D6B,0x5D7C,0x5DE1,0x5DE2,0x382F,
    0x5DFD,0x5E28,0x5E3D,0x5E69,0x3862,0x22183,0x387C,0x5EB0,0x5EB3,0x5EB6,
    0x5ECA,0x2A392,0x5EFE,0x22331,0x22331,0x8201,0x5F22,0x5F22,0x38C7,0x232B8,
    0x261DA,0x5F62,0x5F6B,0x38E3,0x5F9A,0x5FCD,0x5FD7,0x5FF9,0x6081,0x393A,
    0x391C,0x6094,0x226D4,0x60C7,0x6148,0x614C,0x614E,0x614C,0x617A,0x618E,
    0x61B2,0x61A4,0x61AF,0x61DE,0x61F2,0x61F6,0x6210,0x621B,0x625D,0x62B1,
    0x62D4,0x6350,0x22B0C,0x633D,0x62FC,0x6368,0x6383,0x63E4,0x22BF1,0x6422,
    0x63C5,0x63A9,0x3A2E,0x6469,0x647E,0x649D,0x6477,0x3A6C,0x654F,0x656C,
    0x2300A,0x65E3,0x66F8,0x6649,0x3B19,0x6691,0x3B08,0x3AE4,0x5192,0x5195,
    0x6700,0x669C,0x80AD,0x43D9,0x6717,0x671B,0x6721,0x675E,0x6753,0x233C3,
    0x3B49,0x67FA,0x6785,0x6852,0x6885,0x2346D,0x688E,0x681F,0x6914,0x3B9D,
    0x6942,0x69A3,0x69EA,0x6AA8,0x236A3,0x6ADB,0x3C18,0x6B21,0x238A7,0x6B54,
    0x3C4E,0x6B72,0x6B9F,0x6BBA,0x6BBB,0x23A8D,0x21D0B,0x23AFA,0x6C4E,0x23CBC,
    0x6CBF,0x6CCD,0x6C67,0x6D16,0x6D3E,0x6D77,0x6D41,0x6D69,0x6D78,0x6D85,
    0x23D1E,0x6D34,0x6E2F,0x6E6E,0x3D33,0x6ECB,0x6EC7,0x23ED1,0x6DF9,0x6F6E,
    0x23F5E,0x23F8E,0x6FC6,0x7039,0x701E,0x701B,0x3D96,0x704A,0x707D,0x7077,
    0x70AD,0x20525,0x7145,0x24263,0x719C,0x243AB,0x7228,0x7235,0x7250,0x24608,
    0x7280,0x7295,0x24735,0x24814,0x737A,0x738B,0x3EAC,0x73A5,0x3EB8,0x3EB8,
    0x7447,0x745C,0x7471,0x7485,0x74CA,0x3F1B,0x7524,0x24C36,0x753E,0x24C92,
    0x7570,0x2219F,0x7610,0x24FA1,0x24FB8,0x25044,0x3FFC,0x4008,0x76F4,0x250F3,
    0x250F2,0x25119,0x25133,0x771E,0x771F,0x771F,0x774A,0x4039,0x778B,0x4046,
    0x4096,0x2541D,0x784E,0x788C,0x78CC,0x40E3,0x25626,0x7956,0x2569A,0x256C5,
    0x798F,0x79EB,0x412F,0x7A40,0x7A4A,0x7A4F,0x2597C,0x25AA7,0x25AA7,0x7AEE,
    0x4202,0x25BAB,0x7BC6,0x7BC9,0x4227,0x25C80,0x7CD2,0x42A0,0x7CE8,0x7CE3,
    0x7D00,0x25F86,0x7D63,0x4301,0x7DC7,0x7E02,0x7E45,0x4334,0x26228,0x26247,
    0x4359,0x262D9,0x7F7A,0x2633E,0x7F95,0x7FFA,0x8005,0x264DA,0x26523,0x8060,
    0x265A8,0x8070,0x2335F,0x43D5,0x80B2,0x8103,0x440B,0x813E,0x5AB5,0x267A7,
    0x267B5,0x23393,0x2339C,0x8201,0x8204,0x8F9E,0x446B,0x8291,0x828B,0x829D,
    0x52B3,0x82B1,0x82B3,0x82BD,0x82E6,0x26B3C,0x82E5,0x831D,0x8363,0x83AD,
    0x8323,0x83BD,0x83E7,0x8457,0x8353,0x83CA,0x83CC,0x83DC,0x26C36,0x26D6B,
    0x26CD5,0x452B,0x84F1,0x84F3,0x8516,0x273CA,0x8564,0x26F2C,0x455D,0x4561,
    0x26FB1,0x270D2,0x456B,0x8650,0x865C,0x8667,0x8669,0x86A9,0x8688,0x870E,
    0x86E2,0x8779,0x8728,0x876B,0x8786,0x45D7,0x87E1,0x8801,0x45F9,0x8860,
    0x8863,0x27667,0x88D7,0x88DE,0x4635,0x88FA,0x34BB,0x278AE,0x27966,0x46BE,
    0x46C7,0x8AA0,0x8AED,0x8B8A,0x8C55,0x27CA8,0x8CAB,0x8CC1,0x8D1B,0x8D77,
    0x27F2F,0x20804,0x8DCB,0x8DBC,0x8DF0,0x208DE,0x8ED4,0x8F38,0x285D2,0x285ED,
    0x9094,0x90F1,0x9111,0x2872E,0x911B,0x9238,0x92D7,0x92D8,0x927C,0x93F9,
    0x9415,0x28BFA,0x958B,0x4995,0x95B7,0x28D77,0x49E6,0x96C3,0x5DB2,0x9723,
    0x29145,0x2921A,0x4A6E,0x4A76,0x97E0,0x2940A,0x4AB2,0x29496,0x980B,0x980B,
    0x9829,0x295B6,0x98E2,0x4B33,0x9929,0x99A7,0x99C2,0x99FE,0x4BCE,0x29B30,
    0x9B12,0x9C40,0x9CFD,0x4CCE,0x4CED,0x9D67,0x2A0CE,0x4CF8,0x2A105,0x2A20E,
    0x2A291,0x9EBB,0x4D56,0x9EF9,0x9EFE,0x9F05,0x9F0F,0x9F16,0x9F3B,0x2A600,
};

// Primary composites, sorted by (first, second) (961 pairs)
inline constexpr Compose kCompose[] = {
    {0x003C,0x0338,0x226E},{0x003D,0x0338,0x2260},{0x003E,0x0338,0x226F},{0x0041,0x0300,0x00C0},
    {0x0041,0x0301,0x00C1},{0x0041,0x0302,0x00C2},{0x0041,0x0303,0x00C3},{0x0041,0x0304,0x0100},
    {0x0041,0x0306,0x0102},{0x0041,0x0307,0x0226},{0x0041,0x0308,0x00C4},{0x0041,0x0309,0x1EA2},
    {0x0041,0x030A,0x00C5},{0x0041,0x030C,0x01CD},{0x0041,0x030F,0x0200},{0x0041,0x0311,0x0202},
    {0x0041,0x0323,0x1EA0},{0x0041,0x0325,0x1E00},{0x0041,0x0328,0x0104},{0x0042,0x0307,0x1E02},
    {0x0042,0x0323,0x1E04},{0x0042,0x0331,0x1E06},{0x0043,0x0301,0x0106},{0x0043,0x0302,0x0108},
    {0x0043,0x0307,0x010A},{0x0043,0x030C,0x010C},{0x0043,0x0327,0x00C7},{0x0044,0x0307,0x1E0A},
    {0x0044,0x030C,0x010E},{0x0044,0x0323,0x1E0C},{0x0044,0x0327,0x1E10},{0x0044,0x032D,0x1E12},
    {0x0044,0x0331,0x1E0E},{0x0045,0x0300,0x00C8},{0x0045,0x0301,0x00C9},{0x0045,0x0302,0x00CA},
    {0x0045,0x0303,0x1EBC},{0x0045,0x0304,0x0112},{0x0045,0x0306,0x0114},{0x0045,0x0307,0x0116},
    {0x0045,0x0308,0x00CB},{0x0045,0x0309,0x1EBA},{0x0045,0x030C,0x011A},{0x0045,0x030F,0x0204},
    {0x0045,0x0311,0x0206},{0x0045,0x0323,0x1EB8},{0x0045,0x0327,0x0228},{0x0045,0x0328,0x0118},
    {0x0045,0x032D,0x1E18},{0x0045,0x0330,0x1E1A},{0x0046,0x0307,0x1E1E},{0x0047,0x0301,0x01F4},
    {0x0047,0x0302,0x011C},{0x0047,0x0304,0x1E20},{0x0047,0x0306,0x011E},{0x0047,0x0307,0x0120},
    {0x0047,0x030C,0x01E6},{0x0047,0x0327,0x0122},{0x0048,0x0302,0x0124},{0x0048,0x0307,0x1E22},
    {0x0048,0x0308,0x1E26},{0x0048,0x030C,0x021E},{0x0048,0x0323,0x1E24},{0x0048,0x0327,0x1E28},
    {0x0048,0x032E,0x1E2A},{0x0049,0x0300,0x00CC},{0x0049,0x0301,0x00CD},{0x0049,0x0302,0x00CE},
    {0x0049,0x0303,0x0128},{0x0049,0x0304,0x012A},{0x0049,0x0306,0x012C},{0x0049,0x0307,0x0130},
    {0x0049,0x0308,0x00CF},{0x0049,0x0309,0x1EC8},{0x0049,0x030C,0x01CF},{0x0049,0x030F,0x0208},
    {0x0049,0x0311,0x020A},{0x0049,0x0323,0x1ECA},{0x0049,0x0328,0x012E},{0x0049,0x0330,0x1E2C},
    {0x004A,0x0302,0x0134},{0x004B,0x0301,0x1E30},{0x004B,0x030C,0x01E8},{0x004B,0x0323,0x1E32},
    {0x004B,0x0327,0x0136},{0x004B,0x0331,0x1E34},{0x004C,0x0301,0x0139},{0x004C,0x030C,0x013D},
    {0x004C,0x0323,0x1E36},{0x004C,0x0327,0x013B},{0x004C,0x032D,0x1E3C},{0x004C,0x0331,0x1E3A},
    {0x004D,0x0301,0x1E3E},{0x004D,0x0307,0x1E40},{0x004D,0x0323,0x1E42},{0x004E,0x0300,0x01F8},
    {0x004E,0x0301,0x0143},{0x004E,0x0303,0x00D1},{0x004E,0x0307,0x1E44},{0x004E,0x030C,0x0147},
    {0x004E,0x0323,0x1E46},{0x004E,0x0327,0x0145},{0x004E,0x032D,0x1E4A},{0x004E,0x0331,0x1E48},
    {0x004F,0x0300,0x00D2},{0x004F,0x0301,0x00D3},{0x004F,0x0302,0x00D4},{0x004F,0x0303,0x00D5},
    {0x004F,0x0304,0x014C},{0x004F,0x0306,0x014E},{0x004F,0x0307,0x022E},{0x004F,0x0308,0x00D6},
    {0x004F,0x0309,0x1ECE},{0x004F,0x030B,0x0150},{0x004F,0x030C,0x01D1},{0x004F,0x030F,0x020C},
    {0x004F,0x0311,0x020E},{0x004F,0x031B,0x01A0},{0x004F,0x0323,0x1ECC},{0x004F,0x0328,0x01EA},
    {0x0050,0x0301,0x1E54},{0x0050,0x0307,0x1E56},{0x0052,0x0301,0x0154},{0x0052,0x0307,0x1E58},
    {0x0052,0x030C,0x0158},{0x0052,0x030F,0x0210},{0x0052,0x0311,0x0212},{0x0052,0x0323,0x1E5A},
    {0x0052,0x0327,0x0156},{0x0052,0x0331,0x1E5E},{0x0053,0x0301,0x015A},{0x0053,0x0302,0x015C},
    {0x0053,0x0307,0x1E60},{0x0053,0x030C,0x0160},{0x0053,0x0323,0x1E62},{0x0053,0x0326,0x0218},
    {0x0053,0x0327,0x015E},{0x0054,0x0307,0x1E6A},{0x0054,0x030C,0x0164},{0x0054,0x0323,0x1E6C},
    {0x0054,0x0326,0x021A},{0x0054,0x0327,0x0162},{0x0054,0x032D,0x1E70},{0x0054,0x0331,0x1E6E},
    {0x0055,0x0300,0x00D9},{0x0055,0x0301,0x00DA},{0x0055,0x0302,0x00DB},{0x0055,0x0303,0x0168},
    {0x0055,0x0304,0x016A},{0x0055,0x0306,0x016C},{0x0055,0x0308,0x00DC},{0x0055,0x0309,0x1EE6},
    {0x0055,0x030A,0x016E},{0x0055,0x030B,0x0170},{0x0055,0x030C,0x01D3},{0x0055,0x030F,0x0214},
    {0x0055,0x0311,0x0216},{0x0055,0x031B,0x01AF},{0x0055,0x0323,0x1EE4},{0x0055,0x0324,0x1E72},
    {0x0055,0x0328,0x0172},{0x0055,0x032D,0x1E76},{0x0055,0x0330,0x1E74},{0x0056,0x0303,0x1E7C},
    {0x0056,0x0323,0x1E7E},{0x0057,0x0300,0x1E80},{0x0057,0x0301,0x1E82},{0x0057,0x0302,0x0174},
    {0x0057,0x0307,0x1E86},{0x0057,0x0308,0x1E84},{0x0057,0x0323,0x1E88},{0x0058,0x0307,0x1E8A},
    {0x0058,0x0308,0x1E8C},{0x0059,0x0300,0x1EF2},{0x0059,0x0301,0x00DD},{0x0059,0x0302,0x0176},
    {0x0059,0x0303,0x1EF8},{0x0059,0x0304,0x0232},{0x0059,0x0307,0x1E8E},{0x0059,0x0308,0x0178},
    {0x0059,0x0309,0x1EF6},{0x0059,0x0323,0x1EF4},{0x005A,0x0301,0x0179},{0x005A,0x0302,0x1E90},
    {0x005A,0x0307,0x017B},{0x005A,0x030C,0x017D},{0x005A,0x0323,0x1E92},{0x005A,0x0331,0x1E94},
    {0x0061,0x0300,0x00E0},{0x0061,0x0301,0x00E1},{0x0061,0x0302,0x00E2},{0x0061,0x0303,0x00E3},
    {0x0061,0x0304,0x0101},{0x0061,0x0306,0x0103},{0x0061,0x0307,0x0227},{0x0061,0x0308,0x00E4},
    {0x0061,0x0309,0x1EA3},{0x0061,0x030A,0x00E5},{0x0061,0x030C,0x01CE},{0x0061,0x030F,0x0201},
    {0x0061,0x0311,0x0203},{0x0061,0x0323,0x1EA1},{0x0061,0x0325,0x1E01},{0x0061,0x0328,0x0105},
    {0x0062,0x0307,0x1E03},{0x0062,0x0323,0x1E05},{0x0062,0x0331,0x1E07},{0x0063,0x0301,0x0107},
    {0x0063,0x0302,0x0109},{0x0063,0x0307,0x010B},{0x0063,0x030C,0x010D},{0x0063,0x0327,0x00E7},
    {0x0064,0x0307,0x1E0B},{0x0064,0x030C,0x010F},{0x0064,0x0323,0x1E0D},{0x0064,0x0327,0x1E11},
    {0x0064,0x032D,0x1E13},{0x0064,0x0331,0x1E0F},{0x0065,0x0300,0x00E8},{0x0065,0x0301,0x00E9},
    {0x0065,0x0302,0x00EA},{0x0065,0x0303,0x1EBD},{0x0065,0x0304,0x0113},{0x0065,0x0306,0x0115},
    {0x0065,0x0307,0x0117},{0x0065,0x0308,0x00EB},{0x0065,0x0309,0x1EBB},{0x0065,0x030C,0x011B},
    {0x0065,0x030F,0x0205},{0x0065,0x0311,0x0207},{0x0065,0x0323,0x1EB9},{0x0065,0x0327,0x0229},
    {0x0065,0x0328,0x0119},{0x0065,0x032D,0x1E19},{0x0065,0x0330,0x1E1B},{0x0066,0x0307,0x1E1F},
    {0x0067,0x0301,0x01F5},{0x0067,0x0302,0x011D},{0x0067,0x0304,0x1E21},{0x0067,0x0306,0x011F},
    {0x0067,0x0307,0x0121},{0x0067,0x030C,0x01E7},{0x0067,0x0327,0x0123},{0x0068,0x0302,0x0125},
    {0x0068,0x0307,0x1E23},{0x0068,0x0308,0x1E27},{0x0068,0x030C,0x021F},{0x0068,0x0323,0x1E25},
    {0x0068,0x0327,0x1E29},{0x0068,0x032E,0x1E2B},{0x0068,0x0331,0x1E96},{0x0069,0x0300,0x00EC},
    {0x0069,0x0301,0x00ED},{0x0069,0x0302,0x00EE},{0x0069,0x0303,0x0129},{0x0069,0x0304,0x012B},
    {0x0069,0x0306,0x012D},{0x0069,0x0308,0x00EF},{0x0069,0x0309,0x1EC9},{0x0069,0x030C,0x01D0},
    {0x0069,0x030F,0x0209},{0x0069,0x0311,0x020B},{0x0069,0x0323,0x1ECB},{0x0069,0x0328,0x012F},
    {0x0069,0x0330,0x1E2D},{0x006A,0x0302,0x0135},{0x006A,0x030C,0x01F0},{0x006B,0x0301,0x1E31},
    {0x006B,0x030C,0x01E9},{0x006B,0x0323,0x1E33},{0x006B,0x0327,0x0137},{0x006B,0x0331,0x1E35},
    {0x006C,0x0301,0x013A},{0x006C,0x030C,0x013E},{0x006C,0x0323,0x1E37},{0x006C,0x0327,0x013C},
    {0x006C,0x032D,0x1E3D},{0x006C,0x0331,0x1E3B},{0x006D,0x0301,0x1E3F},{0x006D,0x0307,0x1E41},
    {0x006D,0x0323,0x1E43},{0x006E,0x0300,0x01F9},{0x006E,0x0301,0x0144},{0x006E,0x0303,0x00F1},
    {0x006E,0x0307,0x1E45},{0x006E,0x030C,0x0148},{0x006E,0x0323,0x1E47},{0x006E,0x0327,0x0146},
    {0x006E,0x032D,0x1E4B},{0x006E,0x0331,0x1E49},{0x006F,0x0300,0x00F2},{0x006F,0x0301,0x00F3},
    {0x006F,0x0302,0x00F4},{0x006F,0x0303,0x00F5},{0x006F,0x0304,0x014D},{0x006F,0x0306,0x014F},
    {0x006F,0x0307,0x022F},{0x006F,0x0308,0x00F6},{0x006F,0x0309,0x1ECF},{0x006F,0x030B,0x0151},
    {0x006F,0x030C,0x01D2},{0x006F,0x030F,0x020D},{0x006F,0x0311,0x020F},{0x006F,0x031B,0x01A1},
    {0x006F,0x0323,0x1ECD},{0x006F,0x0328,0x01EB},{0x0070,0x0301,0x1E55},{0x0070,0x0307,0x1E57},
    {0x0072,0x0301,0x0155},{0x0072,0x0307,0x1E59},{0x0072,0x030C,0x0159},{0x0072,0x030F,0x0211},
    {0x0072,0x0311,0x0213},{0x0072,0x0323,0x1E5B},{0x0072,0x0327,0x0157},{0x0072,0x0331,0x1E5F},
    {0x0073,0x0301,0x015B},{0x0073,0x0302,0x015D},{0x0073,0x0307,0x1E61},{0x0073,0x030C,0x0161},
    {0x0073,0x0323,0x1E63},{0x0073,0x0326,0x0219},{0x0073,0x0327,0x015F},{0x0074,0x0307,0x1E6B},
    {0x0074,0x0308,0x1E97},{0x0074,0x030C,0x0165},{0x0074,0x0323,0x1E6D},{0x0074,0x0326,0x021B},
    {0x0074,0x0327,0x0163},{0x0074,0x032D,0x1E71},{0x0074,0x0331,0x1E6F},{0x0075,0x0300,0x00F9},
    {0x0075,0x0301,0x00FA},{0x0075,0x0302,0x00FB},{0x0075,0x0303,0x0169},{0x0075,0x0304,0x016B},
    {0x0075,0x0306,0x016D},{0x0075,0x0308,0x00FC},{0x0075,0x0309,0x1EE7},{0x0075,0x030A,0x016F},
    {0x0075,0x030B,0x0171},{0x0075,0x030C,0x01D4},{0x0075,0x030F,0x0215},{0x0075,0x0311,0x0217},
    {0x0075,0x031B,0x01B0},{0x0075,0x0323,0x1EE5},{0x0075,0x0324,0x1E73},{0x0075,0x0328,0x0173},
    {0x0075,0x032D,0x1E77},{0x0075,0x0330,0x1E75},{0x0076,0x0303,0x1E7D},{0x0076,0x0323,0x1E7F},
    {0x0077,0x0300,0x1E81},{0x0077,0x0301,0x1E83},{0x0077,0x0302,0x0175},{0x0077,0x0307,0x1E87},
    {0x0077,0x0308,0x1E85},{0x0077,0x030A,0x1E98},{0x0077,0x0323,0x1E89},{0x0078,0x0307,0x1E8B},
    {0x0078,0x0308,0x1E8D},{0x0079,0x0300,0x1EF3},{0x0079,0x0301,0x00FD},{0x0079,0x0302,0x0177},
    {0x0079,0x0303,0x1EF9},{0x0079,0x0304,0x0233},{0x0079,0x0307,0x1E8F},{0x0079,0x0308,0x00FF},
    {0x0079,0x0309,0x1EF7},{0x0079,0x030A,0x1E99},{0x0079,0x0323,0x1EF5},{0x007A,0x0301,0x017A},
    {0x007A,0x0302,0x1E91},{0x007A,0x0307,0x017C},{0x007A,0x030C,0x017E},{0x007A,0x0323,0x1E93},
    {0x007A,0x0331,0x1E95},{0x00A8,0x0300,0x1FED},{0x00A8,0x0301,0x0385},{0x00A8,0x0342,0x1FC1},
    {0x00C2,0x0300,0x1EA6},{0x00C2,0x0301,0x1EA4},{0x00C2,0x0303,0x1EAA},{0x00C2,0x0309,0x1EA8},
    {0x00C4,0x0304,0x01DE},{0x00C5,0x0301,0x01FA},{0x00C6,0x0301,0x01FC},{0x00C6,0x0304,0x01E2},
    {0x00C7,0x0301,0x1E08},{0x00CA,0x0300,0x1EC0},{0x00CA,0x0301,0x1EBE},{0x00CA,0x0303,0x1EC4},
    {0x00CA,0x0309,0x1EC2},{0x00CF,0x0301,0x1E2E},{0x00D4,0x0300,0x1ED2},{0x00D4,0x0301,0x1ED0},
    {0x00D4,0x0303,0x1ED6},{0x00D4,0x0309,0x1ED4},{0x00D5,0x0301,0x1E4C},{0x00D5,0x0304,0x022C},
    {0x00D5,0x0308,0x1E4E},{0x00D6,0x0304,0x022A},{0x00D8,0x0301,0x01FE},{0x00DC,0x0300,0x01DB},
    {0x00DC,0x0301,0x01D7},{0x00DC,0x0304,0x01D5},{0x00DC,0x030C,0x01D9},{0x00E2,0x0300,0x1EA7},
    {0x00E2,0x0301,0x1EA5},{0x00E2,0x0303,0x1EAB},{0x00E2,0x0309,0x1EA9},{0x00E4,0x0304,0x01DF},
    {0x00E5,0x0301,0x01FB},{0x00E6,0x0301,0x01FD},{0x00E6,0x0304,0x01E3},{0x00E7,0x0301,0x1E09},
    {0x00EA,0x0300,0x1EC1},{0x00EA,0x0301,0x1EBF},{0x00EA,0x0303,0x1EC5},{0x00EA,0x0309,0x1EC3},
    {0x00EF,0x0301,0x1E2F},{0x00F4,0x0300,0x1ED3},{0x00F4,0x0301,0x1ED1},{0x00F4,0x0303,0x1ED7},
    {0x00F4,0x0309,0x1ED5},{0x00F5,0x0301,0x1E4D},{0x00F5,0x0304,0x022D},{0x00F5,0x0308,0x1E4F},
    {0x00F6,0x0304,0x022B},{0x00F8,0x0301,0x01FF},{0x00FC,0x0300,0x01DC},{0x00FC,0x0301,0x01D8},
    {0x00FC,0x0304,0x01D6},{0x00FC,0x030C,0x01DA},{0x0102,0x0300,0x1EB0},{0x0102,0x0301,0x1EAE},
    {0x0102,0x0303,0x1EB4},{0x0102,0x0309,0x1EB2},{0x0103,0x0300,0x1EB1},{0x0103,0x0301,0x1EAF},
    {0x0103,0x0303,0x1EB5},{0x0103,0x0309,0x1EB3},{0x0112,0x0300,0x1E14},{0x0112,0x0301,0x1E16},
    {0x0113,0x0300,0x1E15},{0x0113,0x0301,0x1E17},{0x014C,0x0300,0x1E50},{0x014C,0x0301,0x1E52},
    {0x014D,0x0300,0x1E51},{0x014D,0x0301,0x1E53},{0x015A,0x0307,0x1E64},{0x015B,0x0307,0x1E65},
    {0x0160,0x0307,0x1E66},{0x0161,0x0307,0x1E67},{0x0168,0x0301,0x1E78},{0x0169,0x0301,0x1E79},
    {0x016A,0x0308,0x1E7A},{0x016B,0x0308,0x1E7B},{0x017F,0x0307,0x1E9B},{0x01A0,0x0300,0x1EDC},
    {0x01A0,0x0301,0x1EDA},{0x01A0,0x0303,0x1EE0},{0x01A0,0x0309,0x1EDE},{0x01A0,0x0323,0x1EE2},
    {0x01A1,0x0300,0x1EDD},{0x01A1,0x0301,0x1EDB},{0x01A1,0x0303,0x1EE1},{0x01A1,0x0309,0x1EDF},
    {0x01A1,0x0323,0x1EE3},{0x01AF,0x0300,0x1EEA},{0x01AF,0x0301,0x1EE8},{0x01AF,0x0303,0x1EEE},
    {0x01AF,0x0309,0x1EEC},{0x01AF,0x0323,0x1EF0},{0x01B0,0x0300,0x1EEB},{0x01B0,0x0301,0x1EE9},
    {0x01B0,0x0303,0x1EEF},{0x01B0,0x0309,0x1EED},{0x01B0,0x0323,0x1EF1},{0x01B7,0x030C,0x01EE},
    {0x01EA,0x0304,0x01EC},{0x01EB,0x0304,0x01ED},{0x0226,0x0304,0x01E0},{0x0227,0x0304,0x01E1},
    {0x0228,0x0306,0x1E1C},{0x0229,0x0306,0x1E1D},{0x022E,0x0304,0x0230},{0x022F,0x0304,0x0231},
    {0x0292,0x030C,0x01EF},{0x0391,0x0300,0x1FBA},{0x0391,0x0301,0x0386},{0x0391,0x0304,0x1FB9},
    {0x0391,0x0306,0x1FB8},{0x0391,0x0313,0x1F08},{0x0391,0x0314,0x1F09},{0x0391,0x0345,0x1FBC},
    {0x0395,0x0300,0x1FC8},{0x0395,0x0301,0x0388},{0x0395,0x0313,0x1F18},{0x0395,0x0314,0x1F19},
    {0x0397,0x0300,0x1FCA},{0x0397,0x0301,0x0389},{0x0397,0x0313,0x1F28},{0x0397,0x0314,0x1F29},
    {0x0397,0x0345,0x1FCC},{0x0399,0x0300,0x1FDA},{0x0399,0x0301,0x038A},{0x0399,0x0304,0x1FD9},
    {0x0399,0x0306,0x1FD8},{0x0399,0x0308,0x03AA},{0x0399,0x0313,0x1F38},{0x0399,0x0314,0x1F39},
    {0x039F,0x0300,0x1FF8},{0x039F,0x0301,0x038C},{0x039F,0x0313,0x1F48},{0x039F,0x0314,0x1F49},
    {0x03A1,0x0314,0x1FEC},{0x03A5,0x0300,0x1FEA},{0x03A5,0x0301,0x038E},{0x03A5,0x0304,0x1FE9},
    {0x03A5,0x0306,0x1FE8},{0x03A5,0x0308,0x03AB},{0x03A5,0x0314,0x1F59},{0x03A9,0x0300,0x1FFA},
    {0x03A9,0x0301,0x038F},{0x03A9,0x0313,0x1F68},{0x03A9,0x0314,0x1F69},{0x03A9,0x0345,0x1FFC},
    {0x03AC,0x0345,0x1FB4},{0x03AE,0x0345,0x1FC4},{0x03B1,0x0300,0x1F70},{0x03B1,0x0301,0x03AC},
    {0x03B1,0x0304,0x1FB1},{0x03B1,0x0306,0x1FB0},{0x03B1,0x0313,0x1F00},{0x03B1,0x0314,0x1F01},
    {0x03B1,0x0342,0x1FB6},{0x03B1,0x0345,0x1FB3},{0x03B5,0x0300,0x1F72},{0x03B5,0x0301,0x03AD},
    {0x03B5,0x0313,0x1F10},{0x03B5,0x0314,0x1F11},{0x03B7,0x0300,0x1F74},{0x03B7,0x0301,0x03AE},
    {0x03B7,0x0313,0x1F20},{0x03B7,0x0314,0x1F21},{0x03B7,0x0342,0x1FC6},{0x03B7,0x0345,0x1FC3},
    {0x03B9,0x0300,0x1F76},{0x03B9,0x0301,0x03AF},{0x03B9,0x0304,0x1FD1},{0x03B9,0x0306,0x1FD0},
    {0x03B9,0x0308,0x03CA},{0x03B9,0x0313,0x1F30},{0x03B9,0x0314,0x1F31},{0x03B9,0x0342,0x1FD6},
    {0x03BF,0x0300,0x1F78},{0x03BF,0x0301,0x03CC},{0x03BF,0x0313,0x1F40},{0x03BF,0x0314,0x1F41},
    {0x03C1,0x0313,0x1FE4},{0x03C1,0x0314,0x1FE5},{0x03C5,0x0300,0x1F7A},{0x03C5,0x0301,0x03CD},
    {0x03C5,0x0304,0x1FE1},{0x03C5,0x0306,0x1FE0},{0x03C5,0x0308,0x03CB},{0x03C5,0x0313,0x1F50},
    {0x03C5,0x0314,0x1F51},{0x03C5,0x0342,0x1FE6},{0x03C9,0x0300,0x1F7C},{0x03C9,0x0301,0x03CE},
    {0x03C9,0x0313,0x1F60},{0x03C9,0x0314,0x1F61},{0x03C9,0x0342,0x1FF6},{0x03C9,0x0345,0x1FF3},
    {0x03CA,0x0300,0x1FD2},{0x03CA,0x0301,0x0390},{0x03CA,0x0342,0x1FD7},{0x03CB,0x0300,0x1FE2},
    {0x03CB,0x0301,0x03B0},{0x03CB,0x0342,0x1FE7},{0x03CE,0x0345,0x1FF4},{0x03D2,0x0301,0x03D3},
    {0x03D2,0x0308,0x03D4},{0x0406,0x0308,0x0407},{0x0410,0x0306,0x04D0},{0x0410,0x0308,0x04D2},
    {0x0413,0x0301,0x0403},{0x0415,0x0300,0x0400},{0x0415,0x0306,0x04D6},{0x0415,0x0308,0x0401},
    {0x0416,0x0306,0x04C1},{0x0416,0x0308,0x04DC},{0x0417,0x0308,0x04DE},{0x0418,0x0300,0x040D},
    {0x0418,0x0304,0x04E2},{0x0418,0x0306,0x0419},{0x0418,0x0308,0x04E4},{0x041A,0x0301,0x040C},
    {0x041E,0x0308,0x04E6},{0x0423,0x0304,0x04EE},{0x0423,0x0306,0x040E},{0x0423,0x0308,0x04F0},
    {0x0423,0x030B,0x04F2},{0x0427,0x0308,0x04F4},{0x042B,0x0308,0x04F8},{0x042D,0x0308,0x04EC},
    {0x0430,0x0306,0x04D1},{0x0430,0x0308,0x04D3},{0x0433,0x0301,0x0453},{0x0435,0x0300,0x0450},
    {0x0435,0x0306,0x04D7},{0x0435,0x0308,0x0451},{0x0436,0x0306,0x04C2},{0x0436,0x0308,0x04DD},
    {0x0437,0x0308,0x04DF},{0x0438,0x0300,0x045D},{0x0438,0x0304,0x04E3},{0x0438,0x0306,0x0439},
    {0x0438,0x0308,0x04E5},{0x043A,0x0301,0x045C},{0x043E,0x0308,0x04E7},{0x0443,0x0304,0x04EF},
    {0x0443,0x0306,0x045E},{0x0443,0x0308,0x04F1},{0x0443,0x030B,0x04F3},{0x0447,0x0308,0x04F5},
    {0x044B,0x0308,0x04F9},{0x044D,0x0308,0x04ED},{0x0456,0x0308,0x0457},{0x0474,0x030F,0x0476},
    {0x0475,0x030F,0x0477},{0x04D8,0x0308,0x04DA},{0x04D9,0x0308,0x04DB},{0x04E8,0x0308,0x04EA},
    {0x04E9,0x0308,0x04EB},{0x0627,0x0653,0x0622},{0x0627,0x0654,0x0623},{0x0627,0x0655,0x0625},
    {0x0648,0x0654,0x0624},{0x064A,0x0654,0x0626},{0x06C1,0x0654,0x06C2},{0x06D2,0x0654,0x06D3},
    {0x06D5,0x0654,0x06C0},{0x0928,0x093C,0x0929},{0x0930,0x093C,0x0931},{0x0933,0x093C,0x0934},
    {0x09C7,0x09BE,0x09CB},{0x09C7,0x09D7,0x09CC},{0x0B47,0x0B3E,0x0B4B},{0x0B47,0x0B56,0x0B48},
    {0x0B47,0x0B57,0x0B4C},{0x0B92,0x0BD7,0x0B94},{0x0BC6,0x0BBE,0x0BCA},{0x0BC6,0x0BD7,0x0BCC},
    {0x0BC7,0x0BBE,0x0BCB},{0x0C46,0x0C56,0x0C48},{0x0CBF,0x0CD5,0x0CC0},{0x0CC6,0x0CC2,0x0CCA},
    {0x0CC6,0x0CD5,0x0CC7},{0x0CC6,0x0CD6,0x0CC8},{0x0CCA,0x0CD5,0x0CCB},{0x0D46,0x0D3E,0x0D4A},
    {0x0D46,0x0D57,0x0D4C},{0x0D47,0x0D3E,0x0D4B},{0x0DD9,0x0DCA,0x0DDA},{0x0DD9,0x0DCF,0x0DDC},
    {0x0DD9,0x0DDF,0x0DDE},{0x0DDC,0x0DCA,0x0DDD},{0x1025,0x102E,0x1026},{0x1B05,0x1B35,0x1B06},
    {0x1B07,0x1B35,0x1B08},{0x1B09,0x1B35,0x1B0A},{0x1B0B,0x1B35,0x1B0C},{0x1B0D,0x1B35,0x1B0E},
    {0x1B11,0x1B35,0x1B12},{0x1B3A,0x1B35,0x1B3B},{0x1B3C,0x1B35,0x1B3D},{0x1B3E,0x1B35,0x1B40},
    {0x1B3F,0x1B35,0x1B41},{0x1B42,0x1B35,0x1B43},{0x1E36,0x0304,0x1E38},{0x1E37,0x0304,0x1E39},
    {0x1E5A,0x0304,0x1E5C},{0x1E5B,0x0304,0x1E5D},{0x1E62,0x0307,0x1E68},{0x1E63,0x0307,0x1E69},
    {0x1EA0,0x0302,0x1EAC},{0x1EA0,0x0306,0x1EB6},{0x1EA1,0x0302,0x1EAD},{0x1EA1,0x0306,0x1EB7},
    {0x1EB8,0x0302,0x1EC6},{0x1EB9,0x0302,0x1EC7},{0x1ECC,0x0302,0x1ED8},{0x1ECD,0x0302,0x1ED9},
    {0x1F00,0x0300,0x1F02},{0x1F00,0x0301,0x1F04},{0x1F00,0x0342,0x1F06},{0x1F00,0x0345,0x1F80},
    {0x1F01,0x0300,0x1F03},{0x1F01,0x0301,0x1F05},{0x1F01,0x0342,0x1F07},{0x1F01,0x0345,0x1F81},
    {0x1F02,0x0345,0x1F82},{0x1F03,0x0345,0x1F83},{0x1F04,0x0345,0x1F84},{0x1F05,0x0345,0x1F85},
    {0x1F06,0x0345,0x1F86},{0x1F07,0x0345,0x1F87},{0x1F08,0x0300,0x1F0A},{0x1F08,0x0301,0x1F0C},
    {0x1F08,0x0342,0x1F0E},{0x1F08,0x0345,0x1F88},{0x1F09,0x0300,0x1F0B},{0x1F09,0x0301,0x1F0D},
    {0x1F09,0x0342,0x1F0F},{0x1F09,0x0345,0x1F89},{0x1F0A,0x0345,0x1F8A},{0x1F0B,0x0345,0x1F8B},
    {0x1F0C,0x0345,0x1F8C},{0x1F0D,0x0345,0x1F8D},{0x1F0E,0x0345,0x1F8E},{0x1F0F,0x0345,0x1F8F},
    {0x1F10,0x0300,0x1F12},{0x1F10,0x0301,0x1F14},{0x1F11,0x0300,0x1F13},{0x1F11,0x0301,0x1F15},
    {0x1F18,0x0300,0x1F1A},{0x1F18,0x0301,0x1F1C},{0x1F19,0x0300,0x1F1B},{0x1F19,0x0301,0x1F1D},
    {0x1F20,0x0300,0x1F22},{0x1F20,0x0301,0x1F24},{0x1F20,0x0342,0x1F26},{0x1F20,0x0345,0x1F90},
    {0x1F21,0x0300,0x1F23},{0x1F21,0x0301,0x1F25},{0x1F21,0x0342,0x1F27},{0x1F21,0x0345,0x1F91},
    {0x1F22,0x0345,0x1F92},{0x1F23,0x0345,0x1F93},{0x1F24,0x0345,0x1F94},{0x1F25,0x0345,0x1F95},
    {0x1F26,0x0345,0x1F96},{0x1F27,0x0345,0x1F97},{0x1F28,0x0300,0x1F2A},{0x1F28,0x0301,0x1F2C},
    {0x1F28,0x0342,0x1F2E},{0x1F28,0x0345,0x1F98},{0x1F29,0x0300,0x1F2B},{0x1F29,0x0301,0x1F2D},
    {0x1F29,0x0342,0x1F2F},{0x1F29,0x0345,0x1F99},{0x1F2A,0x0345,0x1F9A},{0x1F2B,0x0345,0x1F9B},
    {0x1F2C,0x0345,0x1F9C},{0x1F2D,0x0345,0x1F9D},{0x1F2E,0x0345,0x1F9E},{0x1F2F,0x0345,0x1F9F},
    {0x1F30,0x0300,0x1F32},{0x1F30,0x0301,0x1F34},{0x1F30,0x0342,0x1F36},{0x1F31,0x0300,0x1F33},
    {0x1F31,0x0301,0x1F35},{0x1F31,0x0342,0x1F37},{0x1F38,0x0300,0x1F3A},{0x1F38,0x0301,0x1F3C},
    {0x1F38,0x0342,0x1F3E},{0x1F39,0x0300,0x1F3B},{0x1F39,0x0301,0x1F3D},{0x1F39,0x0342,0x1F3F},
    {0x1F40,0x0300,0x1F42},{0x1F40,0x0301,0x1F44},{0x1F41,0x0300,0x1F43},{0x1F41,0x0301,0x1F45},
    {0x1F48,0x0300,0x1F4A},{0x1F48,0x0301,0x1F4C},{0x1F49,0x0300,0x1F4B},{0x1F49,0x0301,0x1F4D},
    {0x1F50,0x0300,0x1F52},{0x1F50,0x0301,0x1F54},{0x1F50,0x0342,0x1F56},{0x1F51,0x0300,0x1F53},
    {0x1F51,0x0301,0x1F55},{0x1F51,0x0342,0x1F57},{0x1F59,0x0300,0x1F5B},{0x1F59,0x0301,0x1F5D},
    {0x1F59,0x0342,0x1F5F},{0x1F60,0x0300,0x1F62},{0x1F60,0x0301,0x1F64},{0x1F60,0x0342,0x1F66},
    {0x1F60,0x0345,0x1FA0},{0x1F61,0x0300,0x1F63},{0x1F61,0x0301,0x1F65},{0x1F61,0x0342,0x1F67},
    {0x1F61,0x0345,0x1FA1},{0x1F62,0x0345,0x1FA2},{0x1F63,0x0345,0x1FA3},{0x1F64,0x0345,0x1FA4},
    {0x1F65,0x0345,0x1FA5},{0x1F66,0x0345,0x1FA6},{0x1F67,0x0345,0x1FA7},{0x1F68,0x0300,0x1F6A},
    {0x1F68,0x0301,0x1F6C},{0x1F68,0x0342,0x1F6E},{0x1F68,0x0345,0x1FA8},{0x1F69,0x0300,0x1F6B},
    {0x1F69,0x0301,0x1F6D},{0x1F69,0x0342,0x1F6F},{0x1F69,0x0345,0x1FA9},{0x1F6A,0x0345,0x1FAA},
    {0x1F6B,0x0345,0x1FAB},{0x1F6C,0x0345,0x1FAC},{0x1F6D,0x0345,0x1FAD},{0x1F6E,0x0345,0x1FAE},
    {0x1F6F,0x0345,0x1FAF},{0x1F70,0x0345,0x1FB2},{0x1F74,0x0345,0x1FC2},{0x1F7C,0x0345,0x1FF2},
    {0x1FB6,0x0345,0x1FB7},{0x1FBF,0x0300,0x1FCD},{0x1FBF,0x0301,0x1FCE},{0x1FBF,0x0342,0x1FCF},
    {0x1FC6,0x0345,0x1FC7},{0x1FF6,0x0345,0x1FF7},{0x1FFE,0x0300,0x1FDD},{0x1FFE,0x0301,0x1FDE},
    {0x1FFE,0x0342,0x1FDF},{0x2190,0x0338,0x219A},{0x2192,0x0338,0x219B},{0x2194,0x0338,0x21AE},
    {0x21D0,0x0338,0x21CD},{0x21D2,0x0338,0x21CF},{0x21D4,0x0338,0x21CE},{0x2203,0x0338,0x2204},
    {0x2208,0x0338,0x2209},{0x220B,0x0338,0x220C},{0x2223,0x0338,0x2224},{0x2225,0x0338,0x2226},
    {0x223C,0x0338,0x2241},{0x2243,0x0338,0x2244},{0x2245,0x0338,0x2247},{0x2248,0x0338,0x2249},
    {0x224D,0x0338,0x226D},{0x2261,0x0338,0x2262},{0x2264,0x0338,0x2270},{0x2265,0x0338,0x2271},
    {0x2272,0x0338,0x2274},{0x2273,0x0338,0x2275},{0x2276,0x0338,0x2278},{0x2277,0x0338,0x2279},
    {0x227A,0x0338,0x2280},{0x227B,0x0338,0x2281},{0x227C,0x0338,0x22E0},{0x227D,0x0338,0x22E1},
    {0x2282,0x0338,0x2284},{0x2283,0x0338,0x2285},{0x2286,0x0338,0x2288},{0x2287,0x0338,0x2289},
    {0x2291,0x0338,0x22E2},{0x2292,0x0338,0x22E3},{0x22A2,0x0338,0x22AC},{0x22A8,0x0338,0x22AD},
    {0x22A9,0x0338,0x22AE},{0x22AB,0x0338,0x22AF},{0x22B2,0x0338,0x22EA},{0x22B3,0x0338,0x22EB},
    {0x22B4,0x0338,0x22EC},{0x22B5,0x0338,0x22ED},{0x3046,0x3099,0x3094},{0x304B,0x3099,0x304C},
    {0x304D,0x3099,0x304E},{0x304F,0x3099,0x3050},{0x3051,0x3099,0x3052},{0x3053,0x3099,0x3054},
    {0x3055,0x3099,0x3056},{0x3057,0x3099,0x3058},{0x3059,0x3099,0x305A},{0x305B,0x3099,0x305C},
    {0x305D,0x3099,0x305E},{0x305F,0x3099,0x3060},{0x3061,0x3099,0x3062},{0x3064,0x3099,0x3065},
    {0x3066,0x3099,0x3067},{0x3068,0x3099,0x3069},{0x306F,0x3099,0x3070},{0x306F,0x309A,0x3071},
    {0x3072,0x3099,0x3073},{0x3072,0x309A,0x3074},{0x3075,0x3099,0x3076},{0x3075,0x309A,0x3077},
    {0x3078,0x3099,0x3079},{0x3078,0x309A,0x307A},{0x307B,0x3099,0x307C},{0x307B,0x309A,0x307D},
    {0x309D,0x3099,0x309E},{0x30A6,0x3099,0x30F4},{0x30AB,0x3099,0x30AC},{0x30AD,0x3099,0x30AE},
    {0x30AF,0x3099,0x30B0},{0x30B1,0x3099,0x30B2},{0x30B3,0x3099,0x30B4},{0x30B5,0x3099,0x30B6},
    {0x30B7,0x3099,0x30B8},{0x30B9,0x3099,0x30BA},{0x30BB,0x3099,0x30BC},{0x30BD,0x3099,0x30BE},
    {0x30BF,0x3099,0x30C0},{0x30C1,0x3099,0x30C2},{0x30C4,0x3099,0x30C5},{0x30C6,0x3099,0x30C7},
    {0x30C8,0x3099,0x30C9},{0x30CF,0x3099,0x30D0},{0x30CF,0x309A,0x30D1},{0x30D2,0x3099,0x30D3},
    {0x30D2,0x309A,0x30D4},{0x30D5,0x3099,0x30D6},{0x30D5,0x309A,0x30D7},{0x30D8,0x3099,0x30D9},
    {0x30D8,0x309A,0x30DA},{0x30DB,0x3099,0x30DC},{0x30DB,0x309A,0x30DD},{0x30EF,0x3099,0x30F7},
    {0x30F0,0x3099,0x30F8},{0x30F1,0x3099,0x30F9},{0x30F2,0x3099,0x30FA},{0x30FD,0x3099,0x30FE},
    {0x105D2,0x0307,0x105C9},{0x105DA,0x0307,0x105E4},{0x11099,0x110BA,0x1109A},{0x1109B,0x110BA,0x1109C},
    {0x110A5,0x110BA,0x110AB},{0x11131,0x11127,0x1112E},{0x11132,0x11127,0x1112F},{0x11347,0x1133E,0x1134B},
    {0x11347,0x11357,0x1134C},{0x11382,0x113C9,0x11383},{0x11384,0x113BB,0x11385},{0x1138B,0x113C2,0x1138E},
    {0x11390,0x113C9,0x11391},{0x113C2,0x113B8,0x113C7},{0x113C2,0x113C2,0x113C5},{0x113C2,0x113C9,0x113C8},
    {0x114B9,0x114B0,0x114BC},{0x114B9,0x114BA,0x114BB},{0x114B9,0x114BD,0x114BE},{0x115B8,0x115AF,0x115BA},
    {0x115B9,0x115AF,0x115BB},{0x11935,0x11930,0x11938},{0x1611E,0x1611E,0x16121},{0x1611E,0x1611F,0x16123},
    {0x1611E,0x16120,0x16125},{0x1611E,0x16129,0x16122},{0x16121,0x1611F,0x16126},{0x16121,0x16120,0x16128},
    {0x16122,0x1611F,0x16127},{0x16129,0x1611F,0x16124},{0x16D63,0x16D67,0x16D69},{0x16D67,0x16D67,0x16D68},
    {0x16D69,0x16D67,0x16D6A},
};

}  // namespace brolm::detail::unicode::tables
